49.86217, 14.26680, RPT001
49.70379, 14.08685, RPT002
49.69187, 14.07593, RPT003
49.67115, 14.06328, RPT004
49.41276, 14.03780, RPT005
49.35524, 14.05491, RPT006
49.34496, 14.05864, RPT007
49.00392, 14.45208, RPT008
48.99221, 14.45689, RPT009
48.97777, 14.46411, RPT010
48.97064, 14.46588, RPT011
48.97054, 14.46590, RPT012
48.96851, 14.46497, RPT013
48.96303, 14.45773, RPT014
48.77477, 14.46623, RPT015
48.77137, 14.46873, RPT016
48.75058, 14.48379, RPT017
48.74939, 14.48455, RPT018
48.64455, 14.45413, RPT019
48.55825, 14.47695, RPT020
48.55784, 14.47767, RPT021
48.52522, 14.50483, RPT022
48.52347, 14.50774, RPT023
48.51216, 14.51665, RPT024
48.50676, 14.51989, RPT025
48.49712, 14.51643, RPT026
48.49470, 14.51600, RPT027
48.49152, 14.51305, RPT028
48.48645, 14.50526, RPT029
48.46635, 14.50284, RPT030
48.46391, 14.50288, RPT031
48.45618, 14.49953, RPT032
48.45188, 14.49674, RPT033
48.44930, 14.49482, RPT034
48.44740, 14.49252, RPT035
48.44562, 14.48985, RPT036
48.44529, 14.48913, RPT037
48.44393, 14.48624, RPT038
48.43559, 14.48101, RPT039
48.42052, 14.49064, RPT040
48.40927, 14.48332, RPT041
48.37056, 14.47881, RPT042
48.35627, 14.46045, RPT043
48.32082, 14.29659, RPT044
48.31849, 14.30057, RPT045
48.30295, 14.31420, RPT046
48.29904, 14.31626, RPT047
48.28607, 14.31677, RPT048
48.28583, 14.31646, RPT049
48.28115, 14.30234, RPT050
48.28063, 14.30153, RPT051
48.27733, 14.29447, RPT052
48.27645, 14.29464, RPT053
48.27502, 14.29493, RPT054
48.27253, 14.29500, RPT055
48.26929, 14.29571, RPT056
48.24544, 14.29734, RPT057
48.24039, 14.29749, RPT058
48.22393, 14.29925, RPT059
48.22047, 14.29671, RPT060
48.21962, 14.29531, RPT061
47.96216, 13.74922, RPT062
47.96034, 13.74320, RPT063
47.95731, 13.73435, RPT064
47.95584, 13.72898, RPT065
47.95567, 13.74033, RPT066
47.94968, 13.75124, RPT067
47.94926, 13.75184, RPT068
47.90412, 13.77553, RPT069
47.90235, 13.76852, RPT070
47.90230, 13.76846, RPT071
47.88944, 13.76943, RPT072
47.88711, 13.77079, RPT073
47.86807, 13.77799, RPT074
47.86754, 13.77773, RPT075
47.85737, 13.78126, RPT076
47.85729, 13.78126, RPT077
47.85174, 13.77690, RPT078
47.85164, 13.77661, RPT079
47.85153, 13.77577, RPT080
47.83803, 13.78465, RPT081
47.83735, 13.78439, RPT082
47.83470, 13.78551, RPT083
47.83397, 13.78539, RPT084
47.83322, 13.78539, RPT085
47.83162, 13.78678, RPT086
47.82878, 13.79093, RPT087
47.82741, 13.78966, RPT088
47.81988, 13.77947, RPT089
47.71660, 13.62775, RPT090
47.71639, 13.62690, RPT091
47.71637, 13.62897, RPT092
47.64077, 13.62064, RPT093
47.64006, 13.62131, RPT094
47.63374, 13.62845, RPT095
47.59530, 13.59345, RPT096
47.58942, 13.56569, RPT097
47.58939, 13.56557, RPT098
47.58790, 13.54833, RPT099
47.58780, 13.54701, RPT100
47.58702, 13.54197, RPT101
47.58692, 13.54050, RPT102
47.58691, 13.54032, RPT103
47.58691, 13.54016, RPT104
47.58566, 13.53595, RPT105
47.58563, 13.53585, RPT106
47.58419, 13.53411, RPT107
47.58410, 13.53406, RPT108
47.58353, 13.53376, RPT109
47.58356, 13.53260, RPT110
47.58596, 13.52904, RPT111
47.58588, 13.52570, RPT112
47.58738, 13.51678, RPT113
47.58830, 13.51252, RPT114
47.59192, 13.50877, RPT115
47.58936, 13.46150, RPT116
49.86217, 14.26680, 
49.86117, 14.26564, 
49.86021, 14.26404, 
49.85914, 14.26188, 
49.85786, 14.25917, 
49.85682, 14.25748, 
49.85592, 14.25635, 
49.85481, 14.25524, 
49.85377, 14.25440, 
49.85260, 14.25357, 
49.85027, 14.25203, 
49.84581, 14.24965, 
49.84242, 14.24797, 
49.84108, 14.24717, 
49.84047, 14.24673, 
49.83983, 14.24625, 
49.83893, 14.24539, 
49.83840, 14.24484, 
49.83787, 14.24425, 
49.83073, 14.23610, 
49.82898, 14.23404, 
49.82047, 14.22433, 
49.81994, 14.22376, 
49.81903, 14.22291, 
49.81803, 14.22205, 
49.81707, 14.22129, 
49.81604, 14.22041, 
49.81507, 14.21949, 
49.81471, 14.21908, 
49.81438, 14.21862, 
49.81406, 14.21812, 
49.81387, 14.21778, 
49.81371, 14.21743, 
49.81343, 14.21674, 
49.81245, 14.21392, 
49.81182, 14.21237, 
49.81096, 14.21067, 
49.81000, 14.20921, 
49.80879, 14.20774, 
49.80595, 14.20446, 
49.80258, 14.20051, 
49.80214, 14.20001, 
49.80101, 14.19881, 
49.79977, 14.19764, 
49.79830, 14.19662, 
49.79703, 14.19597, 
49.79576, 14.19553, 
49.79456, 14.19528, 
49.79341, 14.19523, 
49.79253, 14.19528, 
49.79166, 14.19536, 
49.78976, 14.19568, 
49.78787, 14.19595, 
49.78731, 14.19600, 
49.78676, 14.19602, 
49.78587, 14.19598, 
49.78523, 14.19591, 
49.78468, 14.19579, 
49.78406, 14.19559, 
49.78355, 14.19537, 
49.78245, 14.19470, 
49.78166, 14.19399, 
49.78102, 14.19328, 
49.78027, 14.19223, 
49.77951, 14.19090, 
49.77832, 14.18854, 
49.77749, 14.18704, 
49.77636, 14.18544, 
49.77511, 14.18402, 
49.77296, 14.18190, 
49.77183, 14.18072, 
49.77106, 14.17983, 
49.76976, 14.17808, 
49.76890, 14.17674, 
49.76792, 14.17498, 
49.76696, 14.17302, 
49.76531, 14.16935, 
49.76400, 14.16680, 
49.76332, 14.16565, 
49.76290, 14.16501, 
49.76116, 14.16267, 
49.76033, 14.16172, 
49.75927, 14.16076, 
49.75817, 14.15987, 
49.75691, 14.15900, 
49.75553, 14.15817, 
49.75307, 14.15666, 
49.75166, 14.15567, 
49.75005, 14.15427, 
49.74898, 14.15319, 
49.74737, 14.15115, 
49.74594, 14.14915, 
49.74436, 14.14689, 
49.74321, 14.14543, 
49.74218, 14.14437, 
49.74100, 14.14338, 
49.73960, 14.14245, 
49.73739, 14.14119, 
49.73561, 14.14014, 
49.73469, 14.13948, 
49.73392, 14.13884, 
49.73318, 14.13814, 
49.73219, 14.13708, 
49.73158, 14.13642, 
49.73099, 14.13571, 
49.73022, 14.13466, 
49.72946, 14.13351, 
49.72870, 14.13215, 
49.72782, 14.13044, 
49.72698, 14.12845, 
49.72609, 14.12588, 
49.72471, 14.12118, 
49.72403, 14.11912, 
49.72320, 14.11704, 
49.72261, 14.11574, 
49.72165, 14.11395, 
49.72094, 14.11277, 
49.71986, 14.11120, 
49.71712, 14.10747, 
49.71567, 14.10537, 
49.71478, 14.10388, 
49.71356, 14.10159, 
49.71254, 14.09947, 
49.71097, 14.09605, 
49.71007, 14.09424, 
49.70965, 14.09348, 
49.70920, 14.09272, 
49.70843, 14.09155, 
49.70795, 14.09090, 
49.70748, 14.09029, 
49.70698, 14.08971, 
49.70593, 14.08863, 
49.70498, 14.08777, 
49.70440, 14.08731, 
49.70408, 14.08707, 
49.70379, 14.08685, 
49.70250, 14.08598, 
49.70019, 14.08415, 
49.69906, 14.08320, 
49.69806, 14.08232, 
49.69601, 14.08032, 
49.69219, 14.07628, 
49.69187, 14.07593, 
49.69185, 14.07582, 
49.69187, 14.07572, 
49.69205, 14.07518, 
49.69213, 14.07473, 
49.69223, 14.07394, 
49.69224, 14.07347, 
49.69221, 14.07319, 
49.69214, 14.07301, 
49.69207, 14.07293, 
49.69196, 14.07290, 
49.69185, 14.07293, 
49.69178, 14.07298, 
49.69163, 14.07319, 
49.69154, 14.07324, 
49.68590, 14.07237, 
49.68560, 14.07235, 
49.68461, 14.07218, 
49.68409, 14.07212, 
49.68308, 14.07190, 
49.68127, 14.07189, 
49.67984, 14.07235, 
49.67871, 14.07291, 
49.67769, 14.07338, 
49.67701, 14.07341, 
49.67618, 14.07327, 
49.67577, 14.07310, 
49.67511, 14.07247, 
49.67476, 14.07179, 
49.67423, 14.07049, 
49.67316, 14.06747, 
49.67304, 14.06653, 
49.67314, 14.06524, 
49.67327, 14.06429, 
49.67319, 14.06391, 
49.67294, 14.06379, 
49.67254, 14.06370, 
49.67186, 14.06363, 
49.67115, 14.06328, 
49.67088, 14.06282, 
49.66996, 14.06152, 
49.66952, 14.06099, 
49.66901, 14.06049, 
49.66858, 14.06013, 
49.66814, 14.05981, 
49.66766, 14.05951, 
49.66717, 14.05926, 
49.66646, 14.05899, 
49.66587, 14.05882, 
49.66494, 14.05868, 
49.66451, 14.05868, 
49.66409, 14.05871, 
49.66363, 14.05879, 
49.65962, 14.05992, 
49.65850, 14.06017, 
49.65813, 14.06021, 
49.65777, 14.06021, 
49.65728, 14.06016, 
49.65678, 14.06004, 
49.65635, 14.05989, 
49.65585, 14.05965, 
49.65541, 14.05936, 
49.65498, 14.05903, 
49.65450, 14.05856, 
49.65101, 14.05437, 
49.65008, 14.05339, 
49.64938, 14.05273, 
49.64882, 14.05228, 
49.64825, 14.05188, 
49.64713, 14.05125, 
49.64607, 14.05085, 
49.64495, 14.05055, 
49.64365, 14.05037, 
49.64298, 14.05030, 
49.64168, 14.05027, 
49.64085, 14.05032, 
49.63936, 14.05053, 
49.63872, 14.05066, 
49.63848, 14.05074, 
49.63658, 14.05118, 
49.63587, 14.05131, 
49.63341, 14.05164, 
49.63264, 14.05169, 
49.63188, 14.05170, 
49.62881, 14.05145, 
49.62819, 14.05146, 
49.62712, 14.05152, 
49.62584, 14.05174, 
49.62443, 14.05206, 
49.62057, 14.05304, 
49.61996, 14.05323, 
49.61958, 14.05337, 
49.61899, 14.05364, 
49.61815, 14.05408, 
49.60831, 14.05995, 
49.60421, 14.06235, 
49.59868, 14.06571, 
49.59690, 14.06673, 
49.59029, 14.07086, 
49.58982, 14.07114, 
49.58935, 14.07137, 
49.58899, 14.07150, 
49.58861, 14.07160, 
49.58787, 14.07167, 
49.58743, 14.07162, 
49.58700, 14.07152, 
49.58545, 14.07110, 
49.58498, 14.07102, 
49.58453, 14.07102, 
49.58415, 14.07109, 
49.58378, 14.07118, 
49.58346, 14.07132, 
49.58294, 14.07161, 
49.58176, 14.07249, 
49.57591, 14.07704, 
49.57548, 14.07733, 
49.57503, 14.07753, 
49.57453, 14.07765, 
49.57394, 14.07774, 
49.57240, 14.07777, 
49.57085, 14.07783, 
49.55965, 14.07884, 
49.55945, 14.07891, 
49.55927, 14.07906, 
49.55869, 14.07963, 
49.55833, 14.07993, 
49.55483, 14.08174, 
49.55298, 14.08267, 
49.55278, 14.08275, 
49.55258, 14.08279, 
49.55192, 14.08281, 
49.55149, 14.08276, 
49.55027, 14.08243, 
49.54929, 14.08220, 
49.54821, 14.08201, 
49.54405, 14.08139, 
49.54233, 14.08128, 
49.54009, 14.08131, 
49.53884, 14.08130, 
49.53819, 14.08122, 
49.53719, 14.08103, 
49.53595, 14.08064, 
49.53528, 14.08036, 
49.53464, 14.08002, 
49.53382, 14.07950, 
49.53299, 14.07894, 
49.52714, 14.07478, 
49.52501, 14.07329, 
49.52469, 14.07309, 
49.52436, 14.07292, 
49.52389, 14.07276, 
49.52350, 14.07260, 
49.52321, 14.07253, 
49.52273, 14.07247, 
49.52199, 14.07249, 
49.52075, 14.07258, 
49.51347, 14.07301, 
49.51216, 14.07310, 
49.51172, 14.07316, 
49.51129, 14.07328, 
49.51072, 14.07355, 
49.50931, 14.07427, 
49.50858, 14.07449, 
49.50804, 14.07454, 
49.50766, 14.07453, 
49.50358, 14.07397, 
49.50218, 14.07382, 
49.49390, 14.07272, 
49.49223, 14.07246, 
49.49081, 14.07229, 
49.48933, 14.07205, 
49.48872, 14.07190, 
49.48679, 14.07125, 
49.48644, 14.07109, 
49.48610, 14.07100, 
49.48590, 14.07090, 
49.48562, 14.07080, 
49.48518, 14.07067, 
49.48490, 14.07062, 
49.48428, 14.07062, 
49.48382, 14.07066, 
49.48108, 14.07074, 
49.48069, 14.07078, 
49.47818, 14.07124, 
49.47788, 14.07129, 
49.47741, 14.07131, 
49.47684, 14.07130, 
49.47341, 14.07100, 
49.47195, 14.07085, 
49.47152, 14.07075, 
49.46822, 14.06977, 
49.46789, 14.06964, 
49.46743, 14.06941, 
49.46620, 14.06871, 
49.46601, 14.06866, 
49.46585, 14.06865, 
49.46524, 14.06877, 
49.46502, 14.06876, 
49.46405, 14.06864, 
49.46049, 14.06808, 
49.46007, 14.06793, 
49.45989, 14.06782, 
49.45826, 14.06666, 
49.45759, 14.06614, 
49.45689, 14.06554, 
49.45283, 14.06162, 
49.45135, 14.06022, 
49.45099, 14.05991, 
49.45066, 14.05970, 
49.44973, 14.05926, 
49.44713, 14.05815, 
49.44519, 14.05727, 
49.44470, 14.05705, 
49.44421, 14.05678, 
49.43922, 14.05289, 
49.43890, 14.05268, 
49.43821, 14.05230, 
49.43729, 14.05189, 
49.43682, 14.05172, 
49.43635, 14.05159, 
49.43402, 14.05110, 
49.43307, 14.05087, 
49.43208, 14.05046, 
49.43098, 14.04989, 
49.43001, 14.04923, 
49.42900, 14.04841, 
49.42819, 14.04762, 
49.42771, 14.04709, 
49.42617, 14.04503, 
49.42541, 14.04386, 
49.42319, 14.04063, 
49.42189, 14.03923, 
49.42109, 14.03860, 
49.42029, 14.03805, 
49.41936, 14.03761, 
49.41834, 14.03717, 
49.41727, 14.03695, 
49.41585, 14.03691, 
49.41450, 14.03713, 
49.41303, 14.03770, 
49.41276, 14.03780, 
49.41259, 14.03782, 
49.40888, 14.03944, 
49.40551, 14.04051, 
49.39793, 14.04268, 
49.39700, 14.04299, 
49.39596, 14.04366, 
49.39486, 14.04450, 
49.39394, 14.04541, 
49.39222, 14.04703, 
49.39140, 14.04764, 
49.39053, 14.04808, 
49.38955, 14.04846, 
49.38673, 14.04903, 
49.38423, 14.04963, 
49.37522, 14.05205, 
49.37057, 14.05333, 
49.36456, 14.05495, 
49.36282, 14.05528, 
49.36129, 14.05545, 
49.36008, 14.05549, 
49.35859, 14.05543, 
49.35768, 14.05533, 
49.35644, 14.05514, 
49.35524, 14.05491, 
49.35332, 14.05445, 
49.35157, 14.05407, 
49.35104, 14.05401, 
49.35047, 14.05402, 
49.34999, 14.05409, 
49.34954, 14.05419, 
49.34907, 14.05436, 
49.34862, 14.05457, 
49.34817, 14.05483, 
49.34774, 14.05515, 
49.34702, 14.05579, 
49.34680, 14.05602, 
49.34640, 14.05653, 
49.34596, 14.05713, 
49.34552, 14.05779, 
49.34496, 14.05864, 
49.34415, 14.05993, 
49.34325, 14.06145, 
49.34222, 14.06330, 
49.34174, 14.06420, 
49.34137, 14.06498, 
49.34104, 14.06578, 
49.34072, 14.06665, 
49.34044, 14.06752, 
49.34022, 14.06833, 
49.34000, 14.06923, 
49.33985, 14.07003, 
49.33906, 14.07465, 
49.33891, 14.07534, 
49.33872, 14.07614, 
49.33844, 14.07706, 
49.33827, 14.07755, 
49.33809, 14.07802, 
49.33774, 14.07886, 
49.33743, 14.07950, 
49.33707, 14.08016, 
49.33640, 14.08120, 
49.33561, 14.08251, 
49.33531, 14.08303, 
49.33502, 14.08358, 
49.33449, 14.08471, 
49.33416, 14.08551, 
49.33385, 14.08635, 
49.33350, 14.08740, 
49.33318, 14.08852, 
49.32923, 14.10401, 
49.32892, 14.10512, 
49.32858, 14.10624, 
49.32795, 14.10810, 
49.32749, 14.10936, 
49.32686, 14.11088, 
49.32642, 14.11188, 
49.32585, 14.11310, 
49.32514, 14.11447, 
49.32404, 14.11637, 
49.32357, 14.11714, 
49.32285, 14.11822, 
49.32211, 14.11926, 
49.32123, 14.12045, 
49.32060, 14.12136, 
49.31997, 14.12247, 
49.31970, 14.12301, 
49.31945, 14.12360, 
49.31904, 14.12465, 
49.31859, 14.12586, 
49.31642, 14.13194, 
49.31608, 14.13278, 
49.31569, 14.13351, 
49.31540, 14.13393, 
49.31501, 14.13440, 
49.31455, 14.13484, 
49.31107, 14.13734, 
49.31083, 14.13754, 
49.31039, 14.13781, 
49.30994, 14.13803, 
49.30962, 14.13814, 
49.30903, 14.13822, 
49.30862, 14.13822, 
49.30834, 14.13819, 
49.30806, 14.13811, 
49.30697, 14.13776, 
49.30566, 14.13729, 
49.30526, 14.13719, 
49.30495, 14.13714, 
49.30464, 14.13713, 
49.30432, 14.13716, 
49.30410, 14.13721, 
49.30372, 14.13731, 
49.30348, 14.13742, 
49.30326, 14.13754, 
49.30286, 14.13781, 
49.30239, 14.13825, 
49.30216, 14.13850, 
49.30180, 14.13898, 
49.29887, 14.14339, 
49.29826, 14.14432, 
49.29725, 14.14590, 
49.29691, 14.14655, 
49.29668, 14.14717, 
49.29643, 14.14797, 
49.29623, 14.14886, 
49.29611, 14.14977, 
49.29608, 14.15032, 
49.29606, 14.15069, 
49.29613, 14.15349, 
49.29618, 14.15625, 
49.29612, 14.15783, 
49.29607, 14.15849, 
49.29590, 14.15991, 
49.29587, 14.16033, 
49.29554, 14.16202, 
49.29520, 14.16337, 
49.29490, 14.16433, 
49.29454, 14.16533, 
49.29421, 14.16612, 
49.29363, 14.16731, 
49.29317, 14.16808, 
49.29264, 14.16887, 
49.29187, 14.16975, 
49.29088, 14.17065, 
49.28991, 14.17132, 
49.28928, 14.17163, 
49.28769, 14.17230, 
49.28701, 14.17264, 
49.28634, 14.17303, 
49.28563, 14.17350, 
49.28483, 14.17411, 
49.28426, 14.17461, 
49.28345, 14.17544, 
49.28281, 14.17618, 
49.28217, 14.17698, 
49.28052, 14.17890, 
49.27949, 14.18002, 
49.27842, 14.18108, 
49.27725, 14.18221, 
49.27613, 14.18319, 
49.27485, 14.18423, 
49.27356, 14.18520, 
49.27071, 14.18711, 
49.25208, 14.19888, 
49.24980, 14.20041, 
49.23934, 14.20734, 
49.22408, 14.21739, 
49.22315, 14.21794, 
49.22247, 14.21827, 
49.22170, 14.21857, 
49.22103, 14.21877, 
49.22034, 14.21892, 
49.21937, 14.21904, 
49.21878, 14.21907, 
49.21774, 14.21900, 
49.21712, 14.21891, 
49.21660, 14.21880, 
49.21607, 14.21865, 
49.21514, 14.21830, 
49.21470, 14.21810, 
49.21390, 14.21768, 
49.21312, 14.21715, 
49.21236, 14.21657, 
49.21170, 14.21601, 
49.21028, 14.21476, 
49.20900, 14.21360, 
49.20723, 14.21208, 
49.20535, 14.21040, 
49.20474, 14.20989, 
49.20426, 14.20960, 
49.20385, 14.20939, 
49.20328, 14.20919, 
49.20258, 14.20908, 
49.20204, 14.20910, 
49.20152, 14.20919, 
49.20116, 14.20930, 
49.20081, 14.20945, 
49.20039, 14.20967, 
49.19749, 14.21152, 
49.19712, 14.21170, 
49.19674, 14.21186, 
49.19626, 14.21200, 
49.19575, 14.21208, 
49.19525, 14.21210, 
49.19496, 14.21208, 
49.19448, 14.21199, 
49.19400, 14.21185, 
49.19351, 14.21162, 
49.19305, 14.21136, 
49.19135, 14.21013, 
49.18399, 14.20468, 
49.18258, 14.20358, 
49.18119, 14.20233, 
49.18028, 14.20147, 
49.17245, 14.19429, 
49.17128, 14.19326, 
49.16833, 14.19058, 
49.16762, 14.18999, 
49.16700, 14.18959, 
49.16658, 14.18938, 
49.16614, 14.18919, 
49.16571, 14.18906, 
49.16517, 14.18895, 
49.16463, 14.18890, 
49.16424, 14.18890, 
49.16385, 14.18894, 
49.16347, 14.18900, 
49.16309, 14.18910, 
49.16265, 14.18926, 
49.16222, 14.18945, 
49.16174, 14.18972, 
49.16125, 14.19002, 
49.15658, 14.19301, 
49.15485, 14.19406, 
49.15332, 14.19489, 
49.15184, 14.19554, 
49.15001, 14.19618, 
49.14956, 14.19630, 
49.14840, 14.19654, 
49.14711, 14.19674, 
49.14657, 14.19679, 
49.14593, 14.19684, 
49.14387, 14.19692, 
49.13995, 14.19697, 
49.13774, 14.19707, 
49.13674, 14.19718, 
49.13578, 14.19733, 
49.13481, 14.19753, 
49.13429, 14.19767, 
49.13329, 14.19797, 
49.13209, 14.19841, 
49.13073, 14.19900, 
49.12865, 14.19999, 
49.12524, 14.20164, 
49.12476, 14.20190, 
49.12434, 14.20217, 
49.12406, 14.20239, 
49.12378, 14.20264, 
49.12345, 14.20297, 
49.12314, 14.20334, 
49.12284, 14.20372, 
49.12257, 14.20415, 
49.12153, 14.20592, 
49.10850, 14.22632, 
49.10827, 14.22674, 
49.10787, 14.22760, 
49.10610, 14.23201, 
49.10355, 14.23831, 
49.10337, 14.23865, 
49.10033, 14.24333, 
49.09909, 14.24518, 
49.08436, 14.26428, 
49.08241, 14.26677, 
49.08162, 14.26785, 
49.08127, 14.26836, 
49.08094, 14.26889, 
49.08049, 14.26971, 
49.08008, 14.27058, 
49.07980, 14.27123, 
49.07954, 14.27190, 
49.07930, 14.27262, 
49.07908, 14.27335, 
49.07866, 14.27498, 
49.07798, 14.27784, 
49.07753, 14.27958, 
49.07706, 14.28106, 
49.07669, 14.28206, 
49.07624, 14.28320, 
49.07575, 14.28430, 
49.07510, 14.28563, 
49.07467, 14.28639, 
49.07398, 14.28753, 
49.07328, 14.28864, 
49.07225, 14.29013, 
49.07088, 14.29202, 
49.07005, 14.29312, 
49.06979, 14.29342, 
49.06931, 14.29389, 
49.05462, 14.31335, 
49.05435, 14.31384, 
49.05337, 14.31638, 
49.05083, 14.32321, 
49.05043, 14.32396, 
49.04919, 14.32594, 
49.04850, 14.32681, 
49.04764, 14.32771, 
49.04720, 14.32820, 
49.04644, 14.32911, 
49.04526, 14.33099, 
49.04472, 14.33206, 
49.04451, 14.33253, 
49.04413, 14.33353, 
49.04379, 14.33456, 
49.04343, 14.33573, 
49.03663, 14.35534, 
49.03533, 14.35926, 
49.03512, 14.35983, 
49.03496, 14.36012, 
49.03461, 14.36039, 
49.03361, 14.36093, 
49.03341, 14.36112, 
49.03324, 14.36141, 
49.02798, 14.37704, 
49.02415, 14.38965, 
49.01923, 14.40599, 
49.01918, 14.40629, 
49.01909, 14.40892, 
49.01901, 14.40978, 
49.01711, 14.42609, 
49.01632, 14.43269, 
49.01617, 14.43388, 
49.01602, 14.43472, 
49.01581, 14.43558, 
49.01543, 14.43672, 
49.01508, 14.43751, 
49.01483, 14.43802, 
49.01446, 14.43865, 
49.01413, 14.43908, 
49.01314, 14.44023, 
49.01130, 14.44246, 
49.00930, 14.44505, 
49.00824, 14.44645, 
49.00711, 14.44806, 
49.00518, 14.45095, 
49.00458, 14.45166, 
49.00427, 14.45193, 
49.00404, 14.45206, 
49.00392, 14.45208, 
49.00385, 14.45197, 
49.00375, 14.45190, 
49.00365, 14.45186, 
49.00355, 14.45186, 
49.00341, 14.45192, 
49.00329, 14.45205, 
49.00322, 14.45219, 
49.00318, 14.45236, 
49.00317, 14.45253, 
49.00314, 14.45273, 
49.00303, 14.45290, 
49.00282, 14.45310, 
49.00250, 14.45331, 
49.00172, 14.45365, 
48.99721, 14.45518, 
48.99465, 14.45607, 
48.99230, 14.45687, 
48.99221, 14.45689, 
48.99185, 14.45700, 
48.99175, 14.45706, 
48.99050, 14.45749, 
48.99020, 14.45768, 
48.98980, 14.45805, 
48.98965, 14.45822, 
48.98947, 14.45851, 
48.98917, 14.45914, 
48.98858, 14.46067, 
48.98843, 14.46099, 
48.98813, 14.46138, 
48.98775, 14.46170, 
48.98745, 14.46185, 
48.98725, 14.46191, 
48.98673, 14.46188, 
48.98630, 14.46172, 
48.98442, 14.46085, 
48.98392, 14.46073, 
48.98343, 14.46069, 
48.98311, 14.46070, 
48.98280, 14.46080, 
48.98251, 14.46095, 
48.98221, 14.46114, 
48.98001, 14.46284, 
48.97890, 14.46360, 
48.97797, 14.46400, 
48.97777, 14.46411, 
48.97471, 14.46492, 
48.97140, 14.46571, 
48.97064, 14.46588, 
48.97054, 14.46590, 
48.97026, 14.46586, 
48.96989, 14.46586, 
48.96964, 14.46581, 
48.96953, 14.46576, 
48.96921, 14.46557, 
48.96878, 14.46521, 
48.96851, 14.46497, 
48.96380, 14.45877, 
48.96308, 14.45779, 
48.96303, 14.45773, 
48.96305, 14.45765, 
48.96305, 14.45756, 
48.96303, 14.45748, 
48.96298, 14.45743, 
48.96293, 14.45741, 
48.96282, 14.45748, 
48.96099, 14.45503, 
48.96039, 14.45434, 
48.96002, 14.45407, 
48.95968, 14.45387, 
48.95935, 14.45377, 
48.95902, 14.45374, 
48.95863, 14.45377, 
48.95457, 14.45499, 
48.95400, 14.45512, 
48.95350, 14.45520, 
48.95324, 14.45519, 
48.95296, 14.45511, 
48.95263, 14.45498, 
48.95059, 14.45374, 
48.95009, 14.45353, 
48.94969, 14.45345, 
48.94783, 14.45315, 
48.94746, 14.45307, 
48.94711, 14.45294, 
48.94653, 14.45265, 
48.94467, 14.45155, 
48.94276, 14.45033, 
48.94106, 14.44936, 
48.94039, 14.44903, 
48.93909, 14.44845, 
48.93804, 14.44812, 
48.93698, 14.44784, 
48.93603, 14.44765, 
48.93505, 14.44754, 
48.93429, 14.44750, 
48.93277, 14.44750, 
48.93059, 14.44765, 
48.92989, 14.44767, 
48.92947, 14.44765, 
48.92889, 14.44758, 
48.92825, 14.44743, 
48.92762, 14.44722, 
48.92729, 14.44707, 
48.92697, 14.44691, 
48.92585, 14.44626, 
48.92483, 14.44530, 
48.92448, 14.44491, 
48.92385, 14.44408, 
48.92326, 14.44318, 
48.92269, 14.44216, 
48.92245, 14.44167, 
48.92175, 14.43996, 
48.92141, 14.43917, 
48.92090, 14.43815, 
48.92054, 14.43756, 
48.92022, 14.43714, 
48.91983, 14.43673, 
48.91942, 14.43637, 
48.91902, 14.43611, 
48.91860, 14.43591, 
48.91809, 14.43574, 
48.91757, 14.43564, 
48.91707, 14.43565, 
48.91657, 14.43573, 
48.91605, 14.43590, 
48.91554, 14.43616, 
48.91501, 14.43654, 
48.91450, 14.43697, 
48.91334, 14.43807, 
48.91195, 14.43925, 
48.91124, 14.43972, 
48.91055, 14.44014, 
48.90938, 14.44068, 
48.90817, 14.44106, 
48.90735, 14.44122, 
48.90651, 14.44130, 
48.90542, 14.44129, 
48.90432, 14.44115, 
48.90328, 14.44088, 
48.90040, 14.43980, 
48.89865, 14.43912, 
48.89636, 14.43828, 
48.89197, 14.43656, 
48.89129, 14.43642, 
48.89076, 14.43641, 
48.89044, 14.43645, 
48.89011, 14.43657, 
48.88976, 14.43674, 
48.88937, 14.43700, 
48.88907, 14.43724, 
48.88711, 14.43925, 
48.88670, 14.43971, 
48.88623, 14.44028, 
48.88476, 14.44250, 
48.88458, 14.44283, 
48.88429, 14.44389, 
48.88424, 14.44417, 
48.88419, 14.44460, 
48.88412, 14.44500, 
48.88407, 14.44517, 
48.88399, 14.44534, 
48.88363, 14.44589, 
48.88226, 14.44786, 
48.88216, 14.44799, 
48.88207, 14.44808, 
48.88187, 14.44821, 
48.87711, 14.45053, 
48.87641, 14.45074, 
48.87453, 14.45104, 
48.87416, 14.45115, 
48.87069, 14.45259, 
48.86935, 14.45331, 
48.86918, 14.45341, 
48.86841, 14.45398, 
48.86807, 14.45413, 
48.86291, 14.45574, 
48.86261, 14.45585, 
48.86215, 14.45605, 
48.86179, 14.45613, 
48.85630, 14.45655, 
48.85485, 14.45661, 
48.85448, 14.45659, 
48.84683, 14.45549, 
48.84335, 14.45502, 
48.84197, 14.45484, 
48.84161, 14.45481, 
48.84129, 14.45481, 
48.84084, 14.45487, 
48.84038, 14.45500, 
48.83747, 14.45617, 
48.83710, 14.45627, 
48.83672, 14.45632, 
48.83624, 14.45632, 
48.83236, 14.45608, 
48.83120, 14.45613, 
48.83003, 14.45634, 
48.82733, 14.45688, 
48.82383, 14.45763, 
48.81730, 14.45946, 
48.81521, 14.46011, 
48.81467, 14.46022, 
48.81416, 14.46028, 
48.81342, 14.46017, 
48.80820, 14.45888, 
48.80437, 14.45787, 
48.80175, 14.45723, 
48.80152, 14.45721, 
48.80134, 14.45725, 
48.80125, 14.45731, 
48.80106, 14.45751, 
48.80057, 14.45847, 
48.80047, 14.45860, 
48.80034, 14.45872, 
48.80026, 14.45875, 
48.80016, 14.45876, 
48.79997, 14.45873, 
48.79983, 14.45862, 
48.79969, 14.45838, 
48.79964, 14.45825, 
48.79955, 14.45793, 
48.79951, 14.45778, 
48.79945, 14.45721, 
48.79941, 14.45704, 
48.79932, 14.45680, 
48.79912, 14.45649, 
48.79885, 14.45638, 
48.79812, 14.45630, 
48.79529, 14.45564, 
48.79233, 14.45541, 
48.79106, 14.45541, 
48.79032, 14.45545, 
48.79006, 14.45534, 
48.78930, 14.45509, 
48.78855, 14.45512, 
48.78791, 14.45548, 
48.78663, 14.45660, 
48.78440, 14.45861, 
48.77849, 14.46351, 
48.77616, 14.46526, 
48.77600, 14.46534, 
48.77593, 14.46532, 
48.77580, 14.46523, 
48.77577, 14.46516, 
48.77573, 14.46486, 
48.77568, 14.46409, 
48.77563, 14.46390, 
48.77558, 14.46383, 
48.77548, 14.46376, 
48.77520, 14.46378, 
48.77511, 14.46381, 
48.77499, 14.46391, 
48.77493, 14.46406, 
48.77489, 14.46428, 
48.77488, 14.46580, 
48.77487, 14.46596, 
48.77482, 14.46615, 
48.77477, 14.46623, 
48.77465, 14.46637, 
48.77180, 14.46842, 
48.77137, 14.46873, 
48.76697, 14.47199, 
48.75892, 14.47790, 
48.75458, 14.48104, 
48.75414, 14.48133, 
48.75270, 14.48209, 
48.75243, 14.48226, 
48.75216, 14.48245, 
48.75095, 14.48348, 
48.75058, 14.48379, 
48.75006, 14.48415, 
48.74966, 14.48441, 
48.74939, 14.48455, 
48.74847, 14.48490, 
48.74803, 14.48503, 
48.74648, 14.48538, 
48.74440, 14.48597, 
48.74375, 14.48603, 
48.74317, 14.48594, 
48.74275, 14.48580, 
48.74235, 14.48560, 
48.74191, 14.48533, 
48.74162, 14.48509, 
48.74109, 14.48459, 
48.74034, 14.48362, 
48.73967, 14.48280, 
48.73903, 14.48219, 
48.73832, 14.48175, 
48.73766, 14.48154, 
48.73720, 14.48147, 
48.73075, 14.48066, 
48.72876, 14.48037, 
48.71854, 14.47831, 
48.71364, 14.47729, 
48.71239, 14.47708, 
48.71169, 14.47690, 
48.71102, 14.47660, 
48.70977, 14.47513, 
48.70728, 14.47195, 
48.70600, 14.47036, 
48.70566, 14.47006, 
48.70522, 14.46970, 
48.70496, 14.46954, 
48.70461, 14.46938, 
48.70393, 14.46917, 
48.70095, 14.46872, 
48.70037, 14.46861, 
48.69984, 14.46843, 
48.69924, 14.46818, 
48.69792, 14.46731, 
48.69706, 14.46671, 
48.69637, 14.46616, 
48.69593, 14.46574, 
48.69551, 14.46530, 
48.69509, 14.46482, 
48.69476, 14.46439, 
48.69372, 14.46294, 
48.69298, 14.46193, 
48.69248, 14.46140, 
48.69221, 14.46119, 
48.69172, 14.46087, 
48.69075, 14.46042, 
48.68883, 14.45961, 
48.68810, 14.45925, 
48.68615, 14.45815, 
48.68515, 14.45753, 
48.68467, 14.45714, 
48.68421, 14.45671, 
48.68281, 14.45515, 
48.68085, 14.45291, 
48.68053, 14.45259, 
48.68025, 14.45236, 
48.67910, 14.45152, 
48.67869, 14.45125, 
48.67786, 14.45064, 
48.67706, 14.45009, 
48.67512, 14.44858, 
48.67460, 14.44823, 
48.67433, 14.44809, 
48.67405, 14.44797, 
48.67345, 14.44780, 
48.67214, 14.44760, 
48.67015, 14.44737, 
48.66905, 14.44722, 
48.66707, 14.44682, 
48.66612, 14.44658, 
48.66474, 14.44616, 
48.66337, 14.44569, 
48.66230, 14.44526, 
48.66151, 14.44490, 
48.66073, 14.44454, 
48.65988, 14.44410, 
48.65776, 14.44295, 
48.65722, 14.44271, 
48.65687, 14.44261, 
48.65652, 14.44255, 
48.65621, 14.44253, 
48.65588, 14.44255, 
48.65531, 14.44266, 
48.65511, 14.44272, 
48.65455, 14.44299, 
48.65423, 14.44319, 
48.65395, 14.44343, 
48.65363, 14.44374, 
48.65338, 14.44402, 
48.65311, 14.44436, 
48.65282, 14.44478, 
48.65262, 14.44514, 
48.65241, 14.44557, 
48.65224, 14.44600, 
48.65208, 14.44645, 
48.65198, 14.44682, 
48.65180, 14.44761, 
48.65169, 14.44840, 
48.65167, 14.44879, 
48.65165, 14.44938, 
48.65167, 14.44982, 
48.65170, 14.45034, 
48.65184, 14.45139, 
48.65198, 14.45214, 
48.65200, 14.45232, 
48.65197, 14.45253, 
48.65193, 14.45265, 
48.65187, 14.45274, 
48.65181, 14.45279, 
48.65168, 14.45282, 
48.65106, 14.45286, 
48.64941, 14.45301, 
48.64759, 14.45321, 
48.64597, 14.45333, 
48.64569, 14.45338, 
48.64534, 14.45352, 
48.64494, 14.45376, 
48.64471, 14.45397, 
48.64455, 14.45413, 
48.64421, 14.45448, 
48.64399, 14.45462, 
48.64348, 14.45472, 
48.64323, 14.45472, 
48.64308, 14.45466, 
48.64279, 14.45450, 
48.64214, 14.45389, 
48.64187, 14.45367, 
48.64169, 14.45358, 
48.64133, 14.45351, 
48.64118, 14.45351, 
48.64099, 14.45352, 
48.64076, 14.45358, 
48.64030, 14.45377, 
48.63998, 14.45397, 
48.63942, 14.45441, 
48.63876, 14.45502, 
48.63846, 14.45535, 
48.63779, 14.45618, 
48.63731, 14.45689, 
48.63642, 14.45834, 
48.63581, 14.45897, 
48.63426, 14.45992, 
48.63379, 14.46029, 
48.63291, 14.46109, 
48.63227, 14.46188, 
48.63198, 14.46225, 
48.63161, 14.46279, 
48.63115, 14.46358, 
48.63076, 14.46434, 
48.62998, 14.46614, 
48.62966, 14.46682, 
48.62914, 14.46774, 
48.62862, 14.46856, 
48.62788, 14.46949, 
48.62710, 14.47028, 
48.62675, 14.47058, 
48.62600, 14.47115, 
48.62519, 14.47157, 
48.62449, 14.47185, 
48.62351, 14.47210, 
48.62306, 14.47218, 
48.62240, 14.47220, 
48.62105, 14.47205, 
48.61963, 14.47162, 
48.61906, 14.47153, 
48.61827, 14.47147, 
48.61753, 14.47151, 
48.61686, 14.47162, 
48.61633, 14.47173, 
48.61504, 14.47208, 
48.61345, 14.47271, 
48.61246, 14.47320, 
48.61139, 14.47379, 
48.61076, 14.47419, 
48.60982, 14.47486, 
48.60710, 14.47665, 
48.60628, 14.47717, 
48.60475, 14.47806, 
48.60326, 14.47874, 
48.60162, 14.47936, 
48.60028, 14.47968, 
48.59931, 14.47972, 
48.59849, 14.47966, 
48.59799, 14.47959, 
48.59648, 14.47907, 
48.59515, 14.47833, 
48.59407, 14.47747, 
48.59283, 14.47655, 
48.59177, 14.47602, 
48.59062, 14.47569, 
48.58848, 14.47545, 
48.58809, 14.47539, 
48.58755, 14.47524, 
48.58689, 14.47500, 
48.58623, 14.47467, 
48.58361, 14.47310, 
48.58296, 14.47281, 
48.58222, 14.47259, 
48.58170, 14.47249, 
48.58030, 14.47241, 
48.57916, 14.47263, 
48.57650, 14.47364, 
48.57550, 14.47365, 
48.57459, 14.47348, 
48.57409, 14.47328, 
48.57283, 14.47258, 
48.57208, 14.47229, 
48.57152, 14.47214, 
48.57083, 14.47208, 
48.57016, 14.47214, 
48.56957, 14.47228, 
48.56831, 14.47267, 
48.56748, 14.47278, 
48.56643, 14.47281, 
48.56563, 14.47289, 
48.56491, 14.47306, 
48.56429, 14.47332, 
48.56307, 14.47397, 
48.56068, 14.47529, 
48.56036, 14.47550, 
48.55944, 14.47653, 
48.55855, 14.47678, 
48.55831, 14.47689, 
48.55825, 14.47695, 
48.55815, 14.47707, 
48.55784, 14.47767, 
48.55747, 14.47836, 
48.55735, 14.47846, 
48.55723, 14.47853, 
48.55708, 14.47858, 
48.55581, 14.47851, 
48.55569, 14.47855, 
48.55559, 14.47863, 
48.55551, 14.47873, 
48.55544, 14.47886, 
48.55532, 14.47914, 
48.55492, 14.48033, 
48.55458, 14.48110, 
48.55416, 14.48189, 
48.55391, 14.48229, 
48.55341, 14.48298, 
48.55313, 14.48330, 
48.55255, 14.48388, 
48.55225, 14.48414, 
48.55197, 14.48435, 
48.55150, 14.48465, 
48.55034, 14.48535, 
48.54984, 14.48559, 
48.54961, 14.48566, 
48.54890, 14.48577, 
48.54699, 14.48569, 
48.54662, 14.48576, 
48.54597, 14.48609, 
48.54500, 14.48676, 
48.54429, 14.48720, 
48.54406, 14.48733, 
48.54365, 14.48743, 
48.54329, 14.48744, 
48.54278, 14.48740, 
48.54221, 14.48742, 
48.54160, 14.48774, 
48.54119, 14.48812, 
48.54081, 14.48858, 
48.54050, 14.48891, 
48.54012, 14.48922, 
48.53726, 14.49050, 
48.53693, 14.49076, 
48.53662, 14.49114, 
48.53643, 14.49144, 
48.53629, 14.49174, 
48.53616, 14.49209, 
48.53598, 14.49265, 
48.53487, 14.49627, 
48.53455, 14.49738, 
48.53446, 14.49779, 
48.53435, 14.49867, 
48.53432, 14.50045, 
48.53428, 14.50080, 
48.53423, 14.50104, 
48.53417, 14.50127, 
48.53395, 14.50189, 
48.53368, 14.50254, 
48.53336, 14.50308, 
48.53323, 14.50323, 
48.53299, 14.50334, 
48.53149, 14.50389, 
48.53116, 14.50405, 
48.52903, 14.50540, 
48.52863, 14.50559, 
48.52849, 14.50564, 
48.52834, 14.50566, 
48.52799, 14.50564, 
48.52785, 14.50561, 
48.52760, 14.50553, 
48.52689, 14.50520, 
48.52622, 14.50493, 
48.52579, 14.50488, 
48.52552, 14.50490, 
48.52522, 14.50483, 
48.52518, 14.50472, 
48.52513, 14.50464, 
48.52506, 14.50459, 
48.52498, 14.50457, 
48.52492, 14.50459, 
48.52481, 14.50469, 
48.52478, 14.50478, 
48.52476, 14.50496, 
48.52448, 14.50527, 
48.52433, 14.50548, 
48.52420, 14.50574, 
48.52407, 14.50603, 
48.52376, 14.50702, 
48.52347, 14.50774, 
48.52326, 14.50824, 
48.52148, 14.51198, 
48.52125, 14.51240, 
48.52078, 14.51316, 
48.52017, 14.51393, 
48.51969, 14.51444, 
48.51894, 14.51507, 
48.51853, 14.51538, 
48.51787, 14.51572, 
48.51725, 14.51595, 
48.51682, 14.51607, 
48.51634, 14.51615, 
48.51551, 14.51617, 
48.51463, 14.51612, 
48.51441, 14.51613, 
48.51386, 14.51620, 
48.51294, 14.51641, 
48.51242, 14.51655, 
48.51216, 14.51665, 
48.51187, 14.51675, 
48.51126, 14.51706, 
48.51078, 14.51739, 
48.50940, 14.51857, 
48.50894, 14.51889, 
48.50830, 14.51927, 
48.50758, 14.51958, 
48.50676, 14.51989, 
48.50633, 14.52000, 
48.50580, 14.52006, 
48.50512, 14.52003, 
48.50465, 14.51996, 
48.50404, 14.51979, 
48.50374, 14.51969, 
48.50341, 14.51955, 
48.50265, 14.51914, 
48.50127, 14.51820, 
48.50034, 14.51764, 
48.49988, 14.51739, 
48.49957, 14.51725, 
48.49883, 14.51693, 
48.49785, 14.51659, 
48.49748, 14.51650, 
48.49712, 14.51643, 
48.49580, 14.51626, 
48.49533, 14.51617, 
48.49470, 14.51600, 
48.49408, 14.51575, 
48.49381, 14.51559, 
48.49344, 14.51534, 
48.49312, 14.51508, 
48.49281, 14.51479, 
48.49249, 14.51444, 
48.49213, 14.51396, 
48.49152, 14.51305, 
48.48660, 14.50549, 
48.48645, 14.50526, 
48.48606, 14.50465, 
48.48512, 14.50335, 
48.48432, 14.50234, 
48.48403, 14.50198, 
48.48364, 14.50156, 
48.48332, 14.50126, 
48.48296, 14.50095, 
48.48253, 14.50067, 
48.48220, 14.50051, 
48.48173, 14.50032, 
48.48147, 14.50025, 
48.48089, 14.50015, 
48.48055, 14.50014, 
48.48006, 14.50018, 
48.47956, 14.50028, 
48.47921, 14.50040, 
48.47795, 14.50087, 
48.47756, 14.50098, 
48.47715, 14.50107, 
48.47636, 14.50115, 
48.47491, 14.50121, 
48.47388, 14.50128, 
48.47287, 14.50138, 
48.47165, 14.50155, 
48.47062, 14.50174, 
48.46899, 14.50210, 
48.46692, 14.50268, 
48.46635, 14.50284, 
48.46600, 14.50293, 
48.46542, 14.50301, 
48.46505, 14.50302, 
48.46465, 14.50300, 
48.46427, 14.50296, 
48.46391, 14.50288, 
48.46296, 14.50261, 
48.46251, 14.50246, 
48.46081, 14.50182, 
48.45964, 14.50132, 
48.45882, 14.50093, 
48.45752, 14.50028, 
48.45618, 14.49953, 
48.45476, 14.49865, 
48.45250, 14.49715, 
48.45188, 14.49674, 
48.45071, 14.49594, 
48.45019, 14.49557, 
48.44972, 14.49519, 
48.44930, 14.49482, 
48.44870, 14.49403, 
48.44857, 14.49385, 
48.44804, 14.49293, 
48.44794, 14.49283, 
48.44781, 14.49275, 
48.44740, 14.49252, 
48.44739, 14.49242, 
48.44736, 14.49233, 
48.44731, 14.49225, 
48.44725, 14.49219, 
48.44713, 14.49217, 
48.44688, 14.49143, 
48.44678, 14.49121, 
48.44667, 14.49104, 
48.44615, 14.49053, 
48.44594, 14.49029, 
48.44562, 14.48985, 
48.44545, 14.48951, 
48.44529, 14.48913, 
48.44427, 14.48690, 
48.44393, 14.48624, 
48.44316, 14.48497, 
48.44243, 14.48391, 
48.44174, 14.48303, 
48.44136, 14.48259, 
48.44082, 14.48204, 
48.44047, 14.48170, 
48.44014, 14.48142, 
48.43983, 14.48121, 
48.43953, 14.48102, 
48.43900, 14.48077, 
48.43837, 14.48057, 
48.43778, 14.48048, 
48.43719, 14.48048, 
48.43695, 14.48052, 
48.43625, 14.48071, 
48.43591, 14.48085, 
48.43559, 14.48101, 
48.43519, 14.48123, 
48.43437, 14.48158, 
48.43403, 14.48169, 
48.43309, 14.48190, 
48.43264, 14.48206, 
48.43239, 14.48216, 
48.43186, 14.48245, 
48.43135, 14.48282, 
48.43109, 14.48303, 
48.43081, 14.48330, 
48.43028, 14.48389, 
48.43000, 14.48425, 
48.42649, 14.48906, 
48.42601, 14.48961, 
48.42575, 14.48987, 
48.42538, 14.49019, 
48.42504, 14.49043, 
48.42440, 14.49079, 
48.42382, 14.49101, 
48.42320, 14.49115, 
48.42255, 14.49118, 
48.42219, 14.49115, 
48.42185, 14.49110, 
48.42152, 14.49101, 
48.42113, 14.49088, 
48.42052, 14.49064, 
48.41993, 14.49039, 
48.41959, 14.49022, 
48.41929, 14.49004, 
48.41898, 14.48980, 
48.41851, 14.48934, 
48.41827, 14.48906, 
48.41802, 14.48873, 
48.41784, 14.48844, 
48.41709, 14.48711, 
48.41680, 14.48669, 
48.41651, 14.48632, 
48.41627, 14.48605, 
48.41575, 14.48555, 
48.41547, 14.48533, 
48.41518, 14.48514, 
48.41458, 14.48483, 
48.41429, 14.48472, 
48.41369, 14.48457, 
48.41265, 14.48447, 
48.41192, 14.48433, 
48.41154, 14.48421, 
48.40982, 14.48351, 
48.40927, 14.48332, 
48.40849, 14.48311, 
48.40769, 14.48294, 
48.40703, 14.48283, 
48.40639, 14.48275, 
48.40465, 14.48267, 
48.40395, 14.48259, 
48.40310, 14.48245, 
48.40238, 14.48228, 
48.40160, 14.48204, 
48.40022, 14.48152, 
48.39970, 14.48138, 
48.39920, 14.48128, 
48.39875, 14.48123, 
48.39813, 14.48120, 
48.39755, 14.48123, 
48.39697, 14.48133, 
48.39639, 14.48147, 
48.39590, 14.48164, 
48.39539, 14.48186, 
48.39488, 14.48213, 
48.39363, 14.48293, 
48.39297, 14.48333, 
48.39232, 14.48368, 
48.39177, 14.48395, 
48.39103, 14.48427, 
48.39049, 14.48447, 
48.38974, 14.48471, 
48.38910, 14.48488, 
48.38853, 14.48500, 
48.38793, 14.48510, 
48.38722, 14.48519, 
48.38640, 14.48523, 
48.38580, 14.48524, 
48.38525, 14.48522, 
48.38449, 14.48515, 
48.38334, 14.48496, 
48.38262, 14.48479, 
48.38177, 14.48453, 
48.38097, 14.48423, 
48.38034, 14.48395, 
48.37945, 14.48351, 
48.37899, 14.48325, 
48.37788, 14.48254, 
48.37690, 14.48180, 
48.37647, 14.48145, 
48.37525, 14.48037, 
48.37486, 14.48005, 
48.37444, 14.47976, 
48.37407, 14.47953, 
48.37335, 14.47917, 
48.37302, 14.47904, 
48.37243, 14.47887, 
48.37206, 14.47880, 
48.37169, 14.47876, 
48.37092, 14.47876, 
48.37056, 14.47881, 
48.37010, 14.47890, 
48.36966, 14.47904, 
48.36924, 14.47921, 
48.36885, 14.47940, 
48.36814, 14.47986, 
48.36678, 14.48091, 
48.36621, 14.48130, 
48.36564, 14.48158, 
48.36508, 14.48175, 
48.36468, 14.48182, 
48.36419, 14.48185, 
48.36391, 14.48183, 
48.36339, 14.48174, 
48.36306, 14.48163, 
48.36274, 14.48151, 
48.36240, 14.48134, 
48.36207, 14.48113, 
48.36176, 14.48090, 
48.36124, 14.48044, 
48.36096, 14.48012, 
48.36069, 14.47979, 
48.36045, 14.47944, 
48.36009, 14.47883, 
48.35988, 14.47839, 
48.35970, 14.47799, 
48.35952, 14.47751, 
48.35923, 14.47662, 
48.35911, 14.47615, 
48.35895, 14.47544, 
48.35882, 14.47464, 
48.35874, 14.47396, 
48.35870, 14.47344, 
48.35867, 14.47233, 
48.35870, 14.47147, 
48.35902, 14.46759, 
48.35905, 14.46684, 
48.35903, 14.46609, 
48.35900, 14.46573, 
48.35894, 14.46529, 
48.35887, 14.46488, 
48.35878, 14.46447, 
48.35867, 14.46405, 
48.35855, 14.46366, 
48.35840, 14.46324, 
48.35807, 14.46254, 
48.35785, 14.46215, 
48.35762, 14.46180, 
48.35720, 14.46128, 
48.35697, 14.46105, 
48.35672, 14.46082, 
48.35627, 14.46045, 
48.35544, 14.45987, 
48.35456, 14.45930, 
48.35216, 14.45786, 
48.35091, 14.45707, 
48.34994, 14.45638, 
48.34945, 14.45600, 
48.34850, 14.45520, 
48.34761, 14.45438, 
48.34668, 14.45345, 
48.34610, 14.45281, 
48.34546, 14.45205, 
48.34482, 14.45126, 
48.34388, 14.44999, 
48.34344, 14.44935, 
48.34287, 14.44848, 
48.34241, 14.44772, 
48.34167, 14.44640, 
48.34098, 14.44507, 
48.34057, 14.44422, 
48.34017, 14.44333, 
48.33974, 14.44230, 
48.33938, 14.44140, 
48.33884, 14.43991, 
48.33859, 14.43914, 
48.33813, 14.43765, 
48.33764, 14.43583, 
48.33750, 14.43524, 
48.33718, 14.43382, 
48.33688, 14.43223, 
48.33674, 14.43136, 
48.33650, 14.42963, 
48.33637, 14.42835, 
48.33633, 14.42772, 
48.33628, 14.42642, 
48.33628, 14.42570, 
48.33629, 14.42498, 
48.33632, 14.42439, 
48.33640, 14.42329, 
48.33655, 14.42194, 
48.33675, 14.42064, 
48.33705, 14.41918, 
48.33758, 14.41696, 
48.33786, 14.41561, 
48.33806, 14.41438, 
48.33819, 14.41330, 
48.33825, 14.41261, 
48.33832, 14.41150, 
48.33838, 14.41033, 
48.33842, 14.40881, 
48.33845, 14.40607, 
48.33845, 14.40483, 
48.33839, 14.40239, 
48.33825, 14.39936, 
48.33819, 14.39843, 
48.33804, 14.39656, 
48.33785, 14.39463, 
48.33772, 14.39341, 
48.33745, 14.39124, 
48.33720, 14.38959, 
48.33697, 14.38814, 
48.33671, 14.38662, 
48.33621, 14.38402, 
48.33555, 14.38082, 
48.33531, 14.37952, 
48.33503, 14.37782, 
48.33479, 14.37599, 
48.33469, 14.37508, 
48.33456, 14.37359, 
48.33450, 14.37280, 
48.33441, 14.37061, 
48.33434, 14.36779, 
48.33434, 14.36555, 
48.33436, 14.36355, 
48.33441, 14.36170, 
48.33447, 14.36021, 
48.33455, 14.35847, 
48.33470, 14.35600, 
48.33478, 14.35502, 
48.33487, 14.35412, 
48.33501, 14.35295, 
48.33517, 14.35184, 
48.33538, 14.35068, 
48.33562, 14.34955, 
48.33579, 14.34884, 
48.33613, 14.34758, 
48.33626, 14.34716, 
48.33723, 14.34408, 
48.33750, 14.34308, 
48.33769, 14.34221, 
48.33780, 14.34157, 
48.33793, 14.34053, 
48.33800, 14.33924, 
48.33799, 14.33824, 
48.33797, 14.33771, 
48.33791, 14.33698, 
48.33779, 14.33608, 
48.33772, 14.33566, 
48.33753, 14.33477, 
48.33734, 14.33401, 
48.33709, 14.33323, 
48.33695, 14.33283, 
48.33661, 14.33201, 
48.33643, 14.33164, 
48.33596, 14.33076, 
48.33570, 14.33034, 
48.33542, 14.32993, 
48.33486, 14.32921, 
48.33427, 14.32858, 
48.33364, 14.32803, 
48.33098, 14.32597, 
48.33060, 14.32564, 
48.33025, 14.32530, 
48.32986, 14.32486, 
48.32946, 14.32436, 
48.32915, 14.32392, 
48.32880, 14.32337, 
48.32842, 14.32269, 
48.32807, 14.32196, 
48.32765, 14.32086, 
48.32735, 14.31989, 
48.32709, 14.31877, 
48.32692, 14.31772, 
48.32682, 14.31678, 
48.32677, 14.31586, 
48.32676, 14.31524, 
48.32680, 14.31309, 
48.32680, 14.31192, 
48.32675, 14.31050, 
48.32667, 14.30952, 
48.32657, 14.30856, 
48.32634, 14.30706, 
48.32622, 14.30645, 
48.32605, 14.30568, 
48.32579, 14.30466, 
48.32561, 14.30404, 
48.32534, 14.30322, 
48.32494, 14.30219, 
48.32468, 14.30160, 
48.32410, 14.30038, 
48.32392, 14.29990, 
48.32380, 14.29937, 
48.32375, 14.29883, 
48.32376, 14.29815, 
48.32373, 14.29769, 
48.32366, 14.29727, 
48.32357, 14.29696, 
48.32342, 14.29662, 
48.32332, 14.29643, 
48.32319, 14.29624, 
48.32297, 14.29600, 
48.32274, 14.29583, 
48.32263, 14.29576, 
48.32244, 14.29569, 
48.32221, 14.29565, 
48.32198, 14.29566, 
48.32175, 14.29571, 
48.32154, 14.29581, 
48.32126, 14.29602, 
48.32107, 14.29623, 
48.32092, 14.29644, 
48.32082, 14.29659, 
48.32012, 14.29780, 
48.31849, 14.30057, 
48.31664, 14.30380, 
48.31630, 14.30435, 
48.31574, 14.30520, 
48.31510, 14.30602, 
48.31405, 14.30720, 
48.31381, 14.30749, 
48.31289, 14.30872, 
48.31251, 14.30920, 
48.31197, 14.30977, 
48.31159, 14.31010, 
48.31087, 14.31059, 
48.30824, 14.31209, 
48.30736, 14.31255, 
48.30646, 14.31296, 
48.30592, 14.31318, 
48.30394, 14.31382, 
48.30295, 14.31420, 
48.30262, 14.31424, 
48.30109, 14.31472, 
48.30010, 14.31540, 
48.29923, 14.31606, 
48.29904, 14.31626, 
48.29725, 14.31734, 
48.29623, 14.31784, 
48.29576, 14.31804, 
48.29485, 14.31837, 
48.29391, 14.31862, 
48.29333, 14.31874, 
48.29263, 14.31885, 
48.29182, 14.31892, 
48.29102, 14.31894, 
48.29032, 14.31890, 
48.28952, 14.31876, 
48.28887, 14.31859, 
48.28847, 14.31844, 
48.28789, 14.31818, 
48.28745, 14.31794, 
48.28700, 14.31764, 
48.28667, 14.31739, 
48.28629, 14.31703, 
48.28607, 14.31677, 
48.28583, 14.31646, 
48.28542, 14.31577, 
48.28519, 14.31526, 
48.28497, 14.31463, 
48.28483, 14.31414, 
48.28431, 14.31174, 
48.28415, 14.31106, 
48.28377, 14.30961, 
48.28349, 14.30868, 
48.28227, 14.30486, 
48.28202, 14.30416, 
48.28180, 14.30358, 
48.28154, 14.30301, 
48.28140, 14.30274, 
48.28128, 14.30254, 
48.28115, 14.30234, 
48.28088, 14.30191, 
48.28063, 14.30153, 
48.28040, 14.30117, 
48.27987, 14.30018, 
48.27971, 14.29984, 
48.27959, 14.29954, 
48.27949, 14.29925, 
48.27939, 14.29889, 
48.27928, 14.29830, 
48.27924, 14.29782, 
48.27925, 14.29686, 
48.27924, 14.29627, 
48.27920, 14.29589, 
48.27915, 14.29566, 
48.27906, 14.29538, 
48.27894, 14.29513, 
48.27885, 14.29498, 
48.27864, 14.29472, 
48.27849, 14.29460, 
48.27826, 14.29448, 
48.27811, 14.29444, 
48.27794, 14.29442, 
48.27756, 14.29444, 
48.27733, 14.29447, 
48.27695, 14.29454, 
48.27645, 14.29464, 
48.27567, 14.29480, 
48.27502, 14.29493, 
48.27458, 14.29486, 
48.27271, 14.29497, 
48.27258, 14.29499, 
48.27253, 14.29500, 
48.27249, 14.29494, 
48.27236, 14.29482, 
48.27220, 14.29480, 
48.27210, 14.29484, 
48.27196, 14.29501, 
48.27106, 14.29503, 
48.27051, 14.29513, 
48.27016, 14.29523, 
48.26966, 14.29545, 
48.26953, 14.29554, 
48.26929, 14.29571, 
48.26777, 14.29661, 
48.26704, 14.29693, 
48.26650, 14.29712, 
48.26609, 14.29721, 
48.26545, 14.29729, 
48.26438, 14.29728, 
48.26321, 14.29720, 
48.26289, 14.29721, 
48.26026, 14.29704, 
48.25823, 14.29696, 
48.25644, 14.29700, 
48.24640, 14.29731, 
48.24544, 14.29734, 
48.24520, 14.29724, 
48.24478, 14.29717, 
48.24403, 14.29692, 
48.24384, 14.29687, 
48.24342, 14.29685, 
48.24307, 14.29688, 
48.24061, 14.29738, 
48.24039, 14.29749, 
48.23372, 14.29768, 
48.23173, 14.29776, 
48.23110, 14.29781, 
48.23043, 14.29789, 
48.22973, 14.29801, 
48.22905, 14.29817, 
48.22752, 14.29867, 
48.22651, 14.29902, 
48.22588, 14.29919, 
48.22524, 14.29933, 
48.22457, 14.29933, 
48.22393, 14.29925, 
48.22331, 14.29906, 
48.22292, 14.29889, 
48.22263, 14.29875, 
48.22213, 14.29844, 
48.22167, 14.29808, 
48.22140, 14.29783, 
48.22105, 14.29745, 
48.22072, 14.29705, 
48.22047, 14.29671, 
48.22013, 14.29617, 
48.21979, 14.29555, 
48.21962, 14.29531, 
48.21787, 14.29167, 
48.21555, 14.28676, 
48.20611, 14.26539, 
48.20174, 14.25552, 
48.20093, 14.25370, 
48.20027, 14.25233, 
48.20010, 14.25202, 
48.19773, 14.24720, 
48.19757, 14.24684, 
48.19542, 14.24244, 
48.19481, 14.24116, 
48.19425, 14.23988, 
48.19378, 14.23874, 
48.19337, 14.23756, 
48.19301, 14.23668, 
48.19253, 14.23521, 
48.19219, 14.23402, 
48.19188, 14.23288, 
48.19149, 14.23128, 
48.19136, 14.23068, 
48.19113, 14.22954, 
48.19086, 14.22805, 
48.19062, 14.22642, 
48.19047, 14.22519, 
48.18915, 14.21268, 
48.18896, 14.21118, 
48.18872, 14.20972, 
48.18846, 14.20833, 
48.18804, 14.20638, 
48.18771, 14.20503, 
48.18734, 14.20371, 
48.18702, 14.20261, 
48.18644, 14.20087, 
48.18606, 14.19983, 
48.18541, 14.19820, 
48.18501, 14.19729, 
48.17938, 14.18521, 
48.17723, 14.18070, 
48.17660, 14.17952, 
48.17604, 14.17852, 
48.17546, 14.17755, 
48.17460, 14.17624, 
48.17380, 14.17510, 
48.17265, 14.17365, 
48.17162, 14.17247, 
48.17047, 14.17127, 
48.16931, 14.17021, 
48.16083, 14.16314, 
48.15998, 14.16240, 
48.15893, 14.16155, 
48.15729, 14.16010, 
48.15586, 14.15873, 
48.15404, 14.15681, 
48.15325, 14.15586, 
48.15243, 14.15497, 
48.14380, 14.14503, 
48.14210, 14.14293, 
48.14050, 14.14055, 
48.13964, 14.13906, 
48.13888, 14.13763, 
48.13740, 14.13450, 
48.13407, 14.12723, 
48.13330, 14.12566, 
48.13255, 14.12433, 
48.13175, 14.12300, 
48.13027, 14.12086, 
48.12830, 14.11842, 
48.11156, 14.09910, 
48.10984, 14.09708, 
48.10704, 14.09359, 
48.10395, 14.08939, 
48.10273, 14.08761, 
48.10152, 14.08580, 
48.09369, 14.07367, 
48.09276, 14.07228, 
48.09183, 14.07097, 
48.09094, 14.06978, 
48.08991, 14.06848, 
48.08776, 14.06586, 
48.08281, 14.06015, 
48.07731, 14.05375, 
48.07573, 14.05188, 
48.07347, 14.04928, 
48.07314, 14.04893, 
48.07204, 14.04769, 
48.06965, 14.04513, 
48.05756, 14.03233, 
48.05688, 14.03153, 
48.05641, 14.03092, 
48.05609, 14.03046, 
48.05562, 14.02974, 
48.05529, 14.02920, 
48.05486, 14.02841, 
48.05442, 14.02751, 
48.05413, 14.02684, 
48.05378, 14.02598, 
48.05008, 14.01588, 
48.04876, 14.01224, 
48.04829, 14.01081, 
48.04789, 14.00948, 
48.04586, 14.00178, 
48.04542, 14.00034, 
48.04496, 13.99904, 
48.04445, 13.99777, 
48.04384, 13.99643, 
48.04330, 13.99537, 
48.04274, 13.99438, 
48.04242, 13.99385, 
48.02570, 13.96739, 
48.02502, 13.96617, 
48.02432, 13.96484, 
48.02358, 13.96327, 
48.02298, 13.96189, 
48.02243, 13.96049, 
48.02158, 13.95807, 
48.01561, 13.94063, 
48.01303, 13.93306, 
48.01259, 13.93171, 
48.01166, 13.92872, 
48.00734, 13.91438, 
48.00640, 13.91118, 
48.00562, 13.90817, 
48.00529, 13.90674, 
48.00495, 13.90516, 
48.00455, 13.90308, 
48.00421, 13.90114, 
48.00398, 13.89961, 
48.00379, 13.89822, 
48.00355, 13.89623, 
48.00341, 13.89486, 
48.00321, 13.89237, 
48.00310, 13.89037, 
48.00301, 13.88791, 
48.00298, 13.88591, 
48.00300, 13.88352, 
48.00305, 13.88192, 
48.00337, 13.87509, 
48.00478, 13.84704, 
48.00485, 13.84511, 
48.00487, 13.84371, 
48.00487, 13.84181, 
48.00483, 13.83966, 
48.00473, 13.83742, 
48.00458, 13.83501, 
48.00436, 13.83261, 
48.00191, 13.81052, 
48.00173, 13.80919, 
48.00154, 13.80801, 
48.00145, 13.80751, 
48.00134, 13.80694, 
48.00110, 13.80586, 
48.00090, 13.80508, 
48.00071, 13.80442, 
48.00039, 13.80334, 
47.99990, 13.80190, 
47.99959, 13.80109, 
47.99930, 13.80037, 
47.99494, 13.79029, 
47.99343, 13.78690, 
47.99270, 13.78556, 
47.99208, 13.78448, 
47.99130, 13.78323, 
47.99037, 13.78190, 
47.98968, 13.78100, 
47.98880, 13.77997, 
47.98810, 13.77922, 
47.98716, 13.77829, 
47.98633, 13.77756, 
47.98544, 13.77685, 
47.98351, 13.77547, 
47.97311, 13.76821, 
47.97104, 13.76674, 
47.96990, 13.76583, 
47.96923, 13.76522, 
47.96847, 13.76441, 
47.96827, 13.76418, 
47.96759, 13.76332, 
47.96706, 13.76256, 
47.96657, 13.76177, 
47.96608, 13.76089, 
47.96564, 13.75997, 
47.96517, 13.75886, 
47.96482, 13.75792, 
47.96412, 13.75574, 
47.96247, 13.75025, 
47.96216, 13.74922, 
47.96034, 13.74320, 
47.95877, 13.73803, 
47.95833, 13.73676, 
47.95810, 13.73614, 
47.95771, 13.73519, 
47.95753, 13.73481, 
47.95731, 13.73435, 
47.95695, 13.73329, 
47.95690, 13.73309, 
47.95685, 13.73265, 
47.95681, 13.73098, 
47.95679, 13.73060, 
47.95667, 13.73009, 
47.95658, 13.72980, 
47.95645, 13.72955, 
47.95639, 13.72946, 
47.95589, 13.72905, 
47.95584, 13.72898, 
47.95584, 13.72889, 
47.95582, 13.72880, 
47.95578, 13.72873, 
47.95572, 13.72867, 
47.95566, 13.72865, 
47.95560, 13.72866, 
47.95551, 13.72875, 
47.95548, 13.72882, 
47.95547, 13.72898, 
47.95548, 13.72905, 
47.95535, 13.72952, 
47.95522, 13.72981, 
47.95502, 13.73030, 
47.95465, 13.73128, 
47.95447, 13.73187, 
47.95432, 13.73255, 
47.95427, 13.73287, 
47.95424, 13.73322, 
47.95423, 13.73350, 
47.95425, 13.73393, 
47.95430, 13.73445, 
47.95435, 13.73472, 
47.95450, 13.73529, 
47.95470, 13.73588, 
47.95515, 13.73711, 
47.95537, 13.73776, 
47.95553, 13.73833, 
47.95558, 13.73857, 
47.95565, 13.73908, 
47.95568, 13.73937, 
47.95569, 13.74003, 
47.95567, 13.74033, 
47.95557, 13.74110, 
47.95544, 13.74167, 
47.95523, 13.74226, 
47.95512, 13.74251, 
47.95483, 13.74305, 
47.95448, 13.74355, 
47.95359, 13.74470, 
47.95292, 13.74562, 
47.95241, 13.74639, 
47.95160, 13.74776, 
47.95056, 13.74977, 
47.95019, 13.75042, 
47.94991, 13.75088, 
47.94968, 13.75124, 
47.94926, 13.75184, 
47.94859, 13.75270, 
47.94801, 13.75333, 
47.94705, 13.75426, 
47.94642, 13.75475, 
47.94606, 13.75502, 
47.94528, 13.75552, 
47.94493, 13.75571, 
47.94379, 13.75621, 
47.94280, 13.75653, 
47.94147, 13.75680, 
47.94031, 13.75707, 
47.93944, 13.75730, 
47.93872, 13.75755, 
47.93797, 13.75789, 
47.93765, 13.75807, 
47.93727, 13.75833, 
47.93658, 13.75895, 
47.93628, 13.75927, 
47.93592, 13.75978, 
47.93568, 13.76025, 
47.93548, 13.76072, 
47.93532, 13.76127, 
47.93518, 13.76193, 
47.93511, 13.76250, 
47.93510, 13.76309, 
47.93511, 13.76381, 
47.93525, 13.76667, 
47.93531, 13.76868, 
47.93530, 13.76939, 
47.93525, 13.77008, 
47.93515, 13.77079, 
47.93505, 13.77126, 
47.93482, 13.77203, 
47.93462, 13.77252, 
47.93418, 13.77343, 
47.93344, 13.77459, 
47.93312, 13.77527, 
47.93297, 13.77567, 
47.93273, 13.77654, 
47.93256, 13.77742, 
47.93254, 13.77764, 
47.93236, 13.77987, 
47.93227, 13.78213, 
47.93219, 13.78291, 
47.93201, 13.78416, 
47.93186, 13.78489, 
47.93174, 13.78535, 
47.93153, 13.78604, 
47.93137, 13.78641, 
47.93119, 13.78680, 
47.93088, 13.78730, 
47.93077, 13.78746, 
47.93052, 13.78775, 
47.93020, 13.78804, 
47.92984, 13.78828, 
47.92951, 13.78843, 
47.92930, 13.78848, 
47.92890, 13.78853, 
47.92869, 13.78852, 
47.92824, 13.78844, 
47.92800, 13.78836, 
47.92759, 13.78816, 
47.92714, 13.78793, 
47.92688, 13.78776, 
47.92669, 13.78762, 
47.92595, 13.78696, 
47.92538, 13.78640, 
47.92513, 13.78611, 
47.92478, 13.78567, 
47.92424, 13.78484, 
47.92388, 13.78436, 
47.92369, 13.78413, 
47.92314, 13.78355, 
47.92247, 13.78293, 
47.92221, 13.78263, 
47.92182, 13.78207, 
47.92172, 13.78188, 
47.92096, 13.78020, 
47.92071, 13.77971, 
47.92047, 13.77936, 
47.92016, 13.77904, 
47.91982, 13.77879, 
47.91962, 13.77870, 
47.91920, 13.77859, 
47.91799, 13.77855, 
47.91768, 13.77848, 
47.91753, 13.77842, 
47.91714, 13.77818, 
47.91696, 13.77804, 
47.91653, 13.77764, 
47.91607, 13.77716, 
47.91580, 13.77695, 
47.91544, 13.77677, 
47.91519, 13.77671, 
47.91494, 13.77669, 
47.91479, 13.77671, 
47.91466, 13.77674, 
47.91429, 13.77691, 
47.91401, 13.77710, 
47.91345, 13.77751, 
47.91073, 13.77970, 
47.91045, 13.77989, 
47.91002, 13.78009, 
47.90983, 13.78016, 
47.90942, 13.78026, 
47.90903, 13.78030, 
47.90867, 13.78030, 
47.90813, 13.78023, 
47.90785, 13.78015, 
47.90742, 13.77997, 
47.90610, 13.77938, 
47.90592, 13.77928, 
47.90553, 13.77900, 
47.90518, 13.77867, 
47.90496, 13.77839, 
47.90475, 13.77808, 
47.90460, 13.77779, 
47.90443, 13.77737, 
47.90429, 13.77694, 
47.90423, 13.77662, 
47.90418, 13.77622, 
47.90413, 13.77566, 
47.90412, 13.77553, 
47.90395, 13.77292, 
47.90389, 13.77227, 
47.90372, 13.77146, 
47.90347, 13.77069, 
47.90332, 13.77033, 
47.90313, 13.76994, 
47.90261, 13.76892, 
47.90235, 13.76852, 
47.90233, 13.76849, 
47.90230, 13.76846, 
47.90218, 13.76830, 
47.90133, 13.76732, 
47.90036, 13.76615, 
47.89990, 13.76564, 
47.89944, 13.76528, 
47.89921, 13.76516, 
47.89864, 13.76498, 
47.89823, 13.76496, 
47.89800, 13.76496, 
47.89759, 13.76504, 
47.89615, 13.76545, 
47.89440, 13.76590, 
47.89312, 13.76642, 
47.89281, 13.76652, 
47.89142, 13.76716, 
47.89099, 13.76746, 
47.89050, 13.76800, 
47.89025, 13.76835, 
47.88944, 13.76943, 
47.88914, 13.76984, 
47.88889, 13.77009, 
47.88867, 13.77028, 
47.88823, 13.77050, 
47.88787, 13.77060, 
47.88711, 13.77079, 
47.88561, 13.77119, 
47.88191, 13.77281, 
47.88152, 13.77302, 
47.88125, 13.77321, 
47.87944, 13.77484, 
47.87917, 13.77505, 
47.87879, 13.77528, 
47.87840, 13.77545, 
47.87806, 13.77553, 
47.87595, 13.77591, 
47.87569, 13.77594, 
47.87424, 13.77589, 
47.87401, 13.77591, 
47.87370, 13.77601, 
47.87333, 13.77622, 
47.87315, 13.77635, 
47.87291, 13.77659, 
47.87172, 13.77802, 
47.87145, 13.77832, 
47.87126, 13.77848, 
47.87106, 13.77861, 
47.87079, 13.77874, 
47.87039, 13.77882, 
47.86991, 13.77880, 
47.86955, 13.77867, 
47.86857, 13.77823, 
47.86807, 13.77799, 
47.86765, 13.77779, 
47.86754, 13.77773, 
47.86652, 13.77721, 
47.86550, 13.77650, 
47.86514, 13.77627, 
47.86481, 13.77614, 
47.86460, 13.77610, 
47.86432, 13.77611, 
47.86405, 13.77618, 
47.86372, 13.77637, 
47.86345, 13.77662, 
47.86325, 13.77687, 
47.86305, 13.77721, 
47.86205, 13.77907, 
47.86186, 13.77938, 
47.86175, 13.77953, 
47.86159, 13.77972, 
47.86143, 13.77988, 
47.86038, 13.78080, 
47.86016, 13.78096, 
47.85994, 13.78108, 
47.85979, 13.78115, 
47.85954, 13.78122, 
47.85938, 13.78124, 
47.85745, 13.78126, 
47.85737, 13.78126, 
47.85729, 13.78126, 
47.85656, 13.78124, 
47.85634, 13.78120, 
47.85600, 13.78108, 
47.85514, 13.78045, 
47.85268, 13.77853, 
47.85250, 13.77827, 
47.85222, 13.77763, 
47.85181, 13.77703, 
47.85174, 13.77690, 
47.85166, 13.77668, 
47.85164, 13.77661, 
47.85158, 13.77637, 
47.85155, 13.77615, 
47.85154, 13.77597, 
47.85153, 13.77577, 
47.85154, 13.77512, 
47.85147, 13.77454, 
47.85138, 13.77408, 
47.85123, 13.77359, 
47.85102, 13.77314, 
47.85063, 13.77260, 
47.85024, 13.77224, 
47.84998, 13.77209, 
47.84972, 13.77200, 
47.84930, 13.77194, 
47.84887, 13.77199, 
47.84838, 13.77218, 
47.84806, 13.77235, 
47.84702, 13.77312, 
47.84610, 13.77399, 
47.84555, 13.77468, 
47.84501, 13.77542, 
47.84456, 13.77617, 
47.84423, 13.77679, 
47.84366, 13.77806, 
47.84230, 13.78154, 
47.84187, 13.78256, 
47.84142, 13.78350, 
47.84092, 13.78411, 
47.84037, 13.78460, 
47.83976, 13.78487, 
47.83925, 13.78496, 
47.83884, 13.78494, 
47.83839, 13.78483, 
47.83803, 13.78465, 
47.83754, 13.78442, 
47.83735, 13.78439, 
47.83687, 13.78446, 
47.83663, 13.78453, 
47.83650, 13.78459, 
47.83636, 13.78467, 
47.83603, 13.78494, 
47.83567, 13.78539, 
47.83548, 13.78557, 
47.83525, 13.78567, 
47.83506, 13.78565, 
47.83470, 13.78551, 
47.83451, 13.78545, 
47.83412, 13.78539, 
47.83397, 13.78539, 
47.83343, 13.78543, 
47.83327, 13.78541, 
47.83322, 13.78539, 
47.83299, 13.78532, 
47.83282, 13.78531, 
47.83275, 13.78532, 
47.83254, 13.78543, 
47.83235, 13.78569, 
47.83210, 13.78619, 
47.83187, 13.78650, 
47.83170, 13.78668, 
47.83162, 13.78678, 
47.83142, 13.78712, 
47.83029, 13.78975, 
47.82999, 13.79041, 
47.82989, 13.79056, 
47.82967, 13.79081, 
47.82933, 13.79097, 
47.82907, 13.79101, 
47.82892, 13.79098, 
47.82878, 13.79093, 
47.82866, 13.79085, 
47.82803, 13.79034, 
47.82751, 13.78978, 
47.82741, 13.78966, 
47.82701, 13.78912, 
47.82691, 13.78893, 
47.82668, 13.78793, 
47.82656, 13.78761, 
47.82626, 13.78696, 
47.82591, 13.78640, 
47.82245, 13.78186, 
47.82208, 13.78153, 
47.82161, 13.78116, 
47.82110, 13.78092, 
47.82051, 13.78045, 
47.82000, 13.77971, 
47.81988, 13.77947, 
47.81960, 13.77879, 
47.81942, 13.77852, 
47.81921, 13.77826, 
47.81791, 13.77643, 
47.81770, 13.77617, 
47.81737, 13.77587, 
47.81715, 13.77572, 
47.81603, 13.77514, 
47.81515, 13.77455, 
47.81491, 13.77446, 
47.81443, 13.77432, 
47.81408, 13.77425, 
47.81391, 13.77426, 
47.81359, 13.77433, 
47.81329, 13.77449, 
47.81300, 13.77475, 
47.81246, 13.77535, 
47.81227, 13.77555, 
47.81192, 13.77579, 
47.81158, 13.77595, 
47.80964, 13.77670, 
47.80928, 13.77688, 
47.80874, 13.77725, 
47.80831, 13.77762, 
47.80780, 13.77817, 
47.80745, 13.77865, 
47.80724, 13.77896, 
47.80657, 13.78005, 
47.80628, 13.78043, 
47.80592, 13.78085, 
47.80557, 13.78118, 
47.80519, 13.78148, 
47.80488, 13.78169, 
47.80442, 13.78192, 
47.80410, 13.78204, 
47.80367, 13.78215, 
47.80305, 13.78220, 
47.80247, 13.78215, 
47.80188, 13.78198, 
47.80143, 13.78178, 
47.80101, 13.78153, 
47.80075, 13.78134, 
47.80049, 13.78112, 
47.80014, 13.78076, 
47.79968, 13.78021, 
47.79943, 13.77982, 
47.79920, 13.77942, 
47.79886, 13.77871, 
47.79816, 13.77688, 
47.79788, 13.77625, 
47.79749, 13.77551, 
47.79727, 13.77515, 
47.79691, 13.77460, 
47.79518, 13.77230, 
47.79467, 13.77150, 
47.79448, 13.77115, 
47.79431, 13.77082, 
47.79399, 13.77008, 
47.79369, 13.76924, 
47.79329, 13.76779, 
47.79303, 13.76698, 
47.79272, 13.76617, 
47.79245, 13.76555, 
47.79213, 13.76490, 
47.79165, 13.76411, 
47.79053, 13.76249, 
47.79038, 13.76223, 
47.78998, 13.76147, 
47.78968, 13.76078, 
47.78948, 13.76019, 
47.78887, 13.75824, 
47.78831, 13.75618, 
47.78800, 13.75489, 
47.78769, 13.75339, 
47.78744, 13.75202, 
47.78665, 13.74684, 
47.78640, 13.74567, 
47.78612, 13.74465, 
47.78583, 13.74376, 
47.78545, 13.74283, 
47.78512, 13.74214, 
47.78372, 13.73963, 
47.78348, 13.73917, 
47.78310, 13.73831, 
47.78287, 13.73769, 
47.78262, 13.73688, 
47.78184, 13.73355, 
47.78160, 13.73279, 
47.78143, 13.73237, 
47.78122, 13.73194, 
47.78097, 13.73151, 
47.78044, 13.73078, 
47.77998, 13.73030, 
47.77958, 13.72998, 
47.77922, 13.72977, 
47.77873, 13.72956, 
47.77811, 13.72941, 
47.77719, 13.72925, 
47.77681, 13.72916, 
47.77655, 13.72907, 
47.77620, 13.72889, 
47.77583, 13.72862, 
47.77564, 13.72844, 
47.77466, 13.72741, 
47.77084, 13.72326, 
47.77005, 13.72238, 
47.76946, 13.72165, 
47.76903, 13.72107, 
47.76374, 13.71323, 
47.76343, 13.71267, 
47.76316, 13.71210, 
47.76300, 13.71166, 
47.76240, 13.70980, 
47.76218, 13.70919, 
47.76188, 13.70853, 
47.76162, 13.70809, 
47.76097, 13.70723, 
47.75944, 13.70546, 
47.75905, 13.70503, 
47.75888, 13.70488, 
47.75858, 13.70465, 
47.75834, 13.70450, 
47.75732, 13.70394, 
47.75691, 13.70364, 
47.75637, 13.70314, 
47.75599, 13.70265, 
47.75580, 13.70237, 
47.75563, 13.70209, 
47.75524, 13.70132, 
47.75374, 13.69778, 
47.75340, 13.69706, 
47.75255, 13.69552, 
47.75220, 13.69479, 
47.75092, 13.69159, 
47.74997, 13.68885, 
47.74969, 13.68820, 
47.74945, 13.68779, 
47.74913, 13.68740, 
47.74896, 13.68723, 
47.74877, 13.68709, 
47.74852, 13.68693, 
47.74770, 13.68645, 
47.74741, 13.68622, 
47.74713, 13.68590, 
47.74700, 13.68571, 
47.74674, 13.68525, 
47.74661, 13.68497, 
47.74604, 13.68349, 
47.74590, 13.68303, 
47.74580, 13.68251, 
47.74549, 13.68013, 
47.74536, 13.67938, 
47.74519, 13.67865, 
47.74482, 13.67735, 
47.74451, 13.67615, 
47.74426, 13.67495, 
47.74371, 13.67229, 
47.74334, 13.66991, 
47.74307, 13.66859, 
47.74274, 13.66729, 
47.74251, 13.66661, 
47.74226, 13.66599, 
47.74201, 13.66553, 
47.74177, 13.66516, 
47.74141, 13.66470, 
47.74120, 13.66448, 
47.74028, 13.66367, 
47.73988, 13.66321, 
47.73952, 13.66267, 
47.73930, 13.66224, 
47.73822, 13.65987, 
47.73784, 13.65907, 
47.73756, 13.65870, 
47.73733, 13.65846, 
47.73712, 13.65833, 
47.73682, 13.65821, 
47.73622, 13.65806, 
47.73568, 13.65799, 
47.73518, 13.65795, 
47.73465, 13.65798, 
47.73432, 13.65805, 
47.73415, 13.65812, 
47.73241, 13.65888, 
47.73206, 13.65902, 
47.73117, 13.65923, 
47.73063, 13.65929, 
47.73028, 13.65925, 
47.73010, 13.65921, 
47.72975, 13.65910, 
47.72942, 13.65895, 
47.72910, 13.65875, 
47.72895, 13.65863, 
47.72881, 13.65850, 
47.72857, 13.65817, 
47.72836, 13.65780, 
47.72826, 13.65753, 
47.72817, 13.65721, 
47.72809, 13.65670, 
47.72782, 13.65260, 
47.72772, 13.65182, 
47.72751, 13.65084, 
47.72724, 13.64987, 
47.72703, 13.64925, 
47.72663, 13.64816, 
47.72643, 13.64771, 
47.72633, 13.64755, 
47.72607, 13.64716, 
47.72589, 13.64695, 
47.72543, 13.64654, 
47.72414, 13.64547, 
47.72377, 13.64510, 
47.72347, 13.64472, 
47.72318, 13.64429, 
47.72258, 13.64328, 
47.72223, 13.64263, 
47.72102, 13.64019, 
47.72082, 13.63983, 
47.72004, 13.63860, 
47.71954, 13.63775, 
47.71867, 13.63596, 
47.71844, 13.63541, 
47.71836, 13.63517, 
47.71831, 13.63493, 
47.71826, 13.63465, 
47.71823, 13.63406, 
47.71827, 13.63288, 
47.71827, 13.63255, 
47.71822, 13.63177, 
47.71812, 13.63130, 
47.71803, 13.63099, 
47.71786, 13.63054, 
47.71766, 13.63011, 
47.71704, 13.62894, 
47.71679, 13.62834, 
47.71669, 13.62806, 
47.71660, 13.62775, 
47.71645, 13.62721, 
47.71639, 13.62690, 
47.71641, 13.62734, 
47.71659, 13.62820, 
47.71660, 13.62832, 
47.71659, 13.62855, 
47.71650, 13.62876, 
47.71637, 13.62897, 
47.71415, 13.63058, 
47.71387, 13.63076, 
47.71348, 13.63097, 
47.71327, 13.63104, 
47.71292, 13.63110, 
47.71251, 13.63108, 
47.71220, 13.63099, 
47.71179, 13.63079, 
47.71031, 13.62979, 
47.70970, 13.62949, 
47.70909, 13.62928, 
47.70871, 13.62918, 
47.70746, 13.62892, 
47.70696, 13.62875, 
47.70652, 13.62852, 
47.70629, 13.62837, 
47.70583, 13.62800, 
47.70122, 13.62375, 
47.70069, 13.62333, 
47.70020, 13.62304, 
47.69969, 13.62281, 
47.69929, 13.62269, 
47.69879, 13.62260, 
47.69819, 13.62258, 
47.69764, 13.62266, 
47.69716, 13.62280, 
47.69522, 13.62351, 
47.69493, 13.62360, 
47.69435, 13.62374, 
47.69317, 13.62391, 
47.69185, 13.62392, 
47.69129, 13.62396, 
47.69054, 13.62413, 
47.68989, 13.62440, 
47.68927, 13.62480, 
47.68817, 13.62560, 
47.68776, 13.62587, 
47.68734, 13.62605, 
47.68691, 13.62616, 
47.68654, 13.62617, 
47.68629, 13.62614, 
47.68605, 13.62608, 
47.68577, 13.62596, 
47.68534, 13.62567, 
47.68504, 13.62538, 
47.68477, 13.62506, 
47.68445, 13.62459, 
47.68402, 13.62387, 
47.68312, 13.62223, 
47.68263, 13.62147, 
47.68242, 13.62117, 
47.68193, 13.62057, 
47.68149, 13.62012, 
47.68107, 13.61975, 
47.68076, 13.61951, 
47.68025, 13.61918, 
47.67972, 13.61890, 
47.67907, 13.61865, 
47.67298, 13.61725, 
47.67269, 13.61716, 
47.67240, 13.61702, 
47.67221, 13.61690, 
47.67197, 13.61671, 
47.67180, 13.61652, 
47.67151, 13.61608, 
47.67141, 13.61588, 
47.67124, 13.61543, 
47.67112, 13.61494, 
47.67103, 13.61447, 
47.67087, 13.61306, 
47.67081, 13.61265, 
47.67076, 13.61242, 
47.67059, 13.61188, 
47.67036, 13.61140, 
47.67017, 13.61111, 
47.66992, 13.61080, 
47.66959, 13.61053, 
47.66920, 13.61030, 
47.66778, 13.60970, 
47.66669, 13.60916, 
47.66542, 13.60848, 
47.66501, 13.60831, 
47.66444, 13.60814, 
47.66416, 13.60807, 
47.66363, 13.60799, 
47.66323, 13.60798, 
47.66284, 13.60801, 
47.66233, 13.60812, 
47.66184, 13.60836, 
47.66139, 13.60863, 
47.66093, 13.60895, 
47.66066, 13.60910, 
47.66050, 13.60917, 
47.66016, 13.60927, 
47.65968, 13.60935, 
47.65938, 13.60938, 
47.65657, 13.60950, 
47.65602, 13.60955, 
47.65568, 13.60960, 
47.65525, 13.60971, 
47.65485, 13.60987, 
47.65463, 13.60998, 
47.65398, 13.61038, 
47.65290, 13.61124, 
47.65269, 13.61138, 
47.65211, 13.61167, 
47.65094, 13.61207, 
47.65064, 13.61221, 
47.64966, 13.61282, 
47.64906, 13.61329, 
47.64860, 13.61373, 
47.64811, 13.61423, 
47.64753, 13.61472, 
47.64704, 13.61508, 
47.64412, 13.61704, 
47.64353, 13.61747, 
47.64306, 13.61789, 
47.64277, 13.61818, 
47.64223, 13.61885, 
47.64166, 13.61963, 
47.64104, 13.62041, 
47.64087, 13.62056, 
47.64077, 13.62064, 
47.64070, 13.62063, 
47.64064, 13.62066, 
47.64059, 13.62072, 
47.64057, 13.62083, 
47.64033, 13.62106, 
47.64006, 13.62131, 
47.63787, 13.62332, 
47.63726, 13.62393, 
47.63677, 13.62449, 
47.63621, 13.62526, 
47.63509, 13.62686, 
47.63448, 13.62764, 
47.63383, 13.62836, 
47.63374, 13.62845, 
47.63339, 13.62866, 
47.63227, 13.62948, 
47.63216, 13.62955, 
47.63200, 13.62959, 
47.63181, 13.62960, 
47.63149, 13.62941, 
47.63121, 13.62929, 
47.63090, 13.62921, 
47.63065, 13.62919, 
47.62828, 13.62921, 
47.62794, 13.62924, 
47.62739, 13.62935, 
47.62687, 13.62952, 
47.62583, 13.62997, 
47.62555, 13.63014, 
47.62532, 13.63032, 
47.62455, 13.63109, 
47.62328, 13.63196, 
47.62313, 13.63208, 
47.62263, 13.63266, 
47.62242, 13.63295, 
47.62219, 13.63318, 
47.62204, 13.63329, 
47.62163, 13.63352, 
47.62153, 13.63355, 
47.62083, 13.63361, 
47.62050, 13.63367, 
47.61994, 13.63393, 
47.61861, 13.63475, 
47.61835, 13.63487, 
47.61801, 13.63496, 
47.61767, 13.63496, 
47.61737, 13.63490, 
47.61700, 13.63475, 
47.61597, 13.63419, 
47.61573, 13.63410, 
47.61494, 13.63394, 
47.61463, 13.63383, 
47.61427, 13.63367, 
47.61336, 13.63341, 
47.61241, 13.63301, 
47.61069, 13.63224, 
47.61057, 13.63220, 
47.61028, 13.63218, 
47.60931, 13.63235, 
47.60917, 13.63238, 
47.60895, 13.63249, 
47.60876, 13.63267, 
47.60868, 13.63279, 
47.60856, 13.63304, 
47.60848, 13.63331, 
47.60845, 13.63347, 
47.60840, 13.63394, 
47.60837, 13.63463, 
47.60833, 13.63518, 
47.60824, 13.63564, 
47.60810, 13.63602, 
47.60792, 13.63635, 
47.60772, 13.63660, 
47.60717, 13.63712, 
47.60707, 13.63725, 
47.60669, 13.63791, 
47.60652, 13.63815, 
47.60632, 13.63832, 
47.60612, 13.63842, 
47.60600, 13.63847, 
47.60507, 13.63864, 
47.60456, 13.63867, 
47.60431, 13.63871, 
47.60382, 13.63883, 
47.60340, 13.63898, 
47.60280, 13.63929, 
47.60261, 13.63941, 
47.60235, 13.63961, 
47.60191, 13.63999, 
47.60149, 13.64045, 
47.60109, 13.64097, 
47.60093, 13.64120, 
47.60030, 13.64223, 
47.59990, 13.64285, 
47.59949, 13.64339, 
47.59845, 13.64469, 
47.59706, 13.64650, 
47.59695, 13.64665, 
47.59675, 13.64702, 
47.59638, 13.64785, 
47.59629, 13.64800, 
47.59611, 13.64828, 
47.59556, 13.64894, 
47.59542, 13.64908, 
47.59494, 13.64949, 
47.59473, 13.64974, 
47.59451, 13.65011, 
47.59431, 13.65040, 
47.59415, 13.65058, 
47.59394, 13.65076, 
47.59380, 13.65085, 
47.59192, 13.65174, 
47.59175, 13.65187, 
47.59165, 13.65196, 
47.59149, 13.65218, 
47.59135, 13.65247, 
47.59117, 13.65309, 
47.59110, 13.65327, 
47.59102, 13.65336, 
47.59097, 13.65338, 
47.59086, 13.65339, 
47.59080, 13.65336, 
47.59076, 13.65331, 
47.59070, 13.65318, 
47.59067, 13.65300, 
47.59068, 13.65294, 
47.59087, 13.65239, 
47.59118, 13.65117, 
47.59121, 13.65078, 
47.59125, 13.64916, 
47.59129, 13.64872, 
47.59133, 13.64852, 
47.59180, 13.64705, 
47.59208, 13.64569, 
47.59217, 13.64483, 
47.59214, 13.64438, 
47.59206, 13.64411, 
47.59166, 13.64332, 
47.59142, 13.64275, 
47.59126, 13.64219, 
47.59106, 13.64104, 
47.59100, 13.64058, 
47.59097, 13.63939, 
47.59078, 13.63828, 
47.59080, 13.63757, 
47.59095, 13.63653, 
47.59094, 13.63600, 
47.59090, 13.63584, 
47.59063, 13.63541, 
47.59049, 13.63508, 
47.59041, 13.63474, 
47.59037, 13.63424, 
47.59038, 13.63371, 
47.59049, 13.63293, 
47.59064, 13.63223, 
47.59128, 13.63104, 
47.59140, 13.63070, 
47.59143, 13.63048, 
47.59142, 13.63031, 
47.59112, 13.62949, 
47.59066, 13.62849, 
47.59038, 13.62775, 
47.59016, 13.62703, 
47.59002, 13.62633, 
47.58992, 13.62558, 
47.58986, 13.62387, 
47.58958, 13.62249, 
47.58957, 13.62220, 
47.58966, 13.62177, 
47.59003, 13.62103, 
47.59010, 13.62073, 
47.59013, 13.62052, 
47.59012, 13.62027, 
47.58997, 13.61963, 
47.58990, 13.61921, 
47.58993, 13.61863, 
47.59009, 13.61771, 
47.59012, 13.61711, 
47.59009, 13.61590, 
47.59001, 13.61534, 
47.58994, 13.61413, 
47.59000, 13.61379, 
47.59076, 13.61211, 
47.59091, 13.61167, 
47.59107, 13.61082, 
47.59107, 13.60978, 
47.59119, 13.60927, 
47.59172, 13.60798, 
47.59188, 13.60767, 
47.59204, 13.60746, 
47.59221, 13.60732, 
47.59276, 13.60703, 
47.59291, 13.60687, 
47.59302, 13.60666, 
47.59309, 13.60644, 
47.59318, 13.60590, 
47.59322, 13.60576, 
47.59340, 13.60530, 
47.59363, 13.60478, 
47.59385, 13.60420, 
47.59411, 13.60291, 
47.59428, 13.60260, 
47.59474, 13.60199, 
47.59493, 13.60168, 
47.59520, 13.60085, 
47.59536, 13.60020, 
47.59556, 13.59952, 
47.59565, 13.59905, 
47.59566, 13.59894, 
47.59564, 13.59861, 
47.59553, 13.59830, 
47.59540, 13.59810, 
47.59490, 13.59747, 
47.59485, 13.59730, 
47.59487, 13.59715, 
47.59494, 13.59699, 
47.59546, 13.59629, 
47.59555, 13.59611, 
47.59563, 13.59591, 
47.59567, 13.59570, 
47.59569, 13.59553, 
47.59571, 13.59514, 
47.59564, 13.59470, 
47.59541, 13.59369, 
47.59535, 13.59355, 
47.59530, 13.59345, 
47.59522, 13.59333, 
47.59499, 13.59307, 
47.59487, 13.59290, 
47.59482, 13.59276, 
47.59468, 13.59219, 
47.59454, 13.59180, 
47.59413, 13.59113, 
47.59412, 13.59100, 
47.59414, 13.58938, 
47.59412, 13.58895, 
47.59403, 13.58837, 
47.59375, 13.58737, 
47.59353, 13.58668, 
47.59316, 13.58531, 
47.59246, 13.58187, 
47.59226, 13.58120, 
47.59185, 13.58013, 
47.59166, 13.57946, 
47.59156, 13.57923, 
47.59147, 13.57906, 
47.59072, 13.57842, 
47.59058, 13.57826, 
47.59048, 13.57808, 
47.59043, 13.57790, 
47.59041, 13.57768, 
47.59041, 13.57696, 
47.59038, 13.57664, 
47.59018, 13.57541, 
47.59011, 13.57479, 
47.59003, 13.57351, 
47.59002, 13.57264, 
47.59004, 13.57198, 
47.59015, 13.57050, 
47.59015, 13.56992, 
47.59013, 13.56949, 
47.58997, 13.56818, 
47.58942, 13.56573, 
47.58942, 13.56569, 
47.58939, 13.56557, 
47.58920, 13.56489, 
47.58906, 13.56446, 
47.58868, 13.56289, 
47.58849, 13.56192, 
47.58845, 13.56155, 
47.58844, 13.56120, 
47.58850, 13.56067, 
47.58865, 13.55964, 
47.58868, 13.55933, 
47.58868, 13.55898, 
47.58863, 13.55837, 
47.58871, 13.55687, 
47.58869, 13.55650, 
47.58864, 13.55622, 
47.58853, 13.55581, 
47.58836, 13.55532, 
47.58833, 13.55511, 
47.58832, 13.55493, 
47.58838, 13.55309, 
47.58834, 13.55264, 
47.58822, 13.55179, 
47.58820, 13.55059, 
47.58794, 13.54875, 
47.58790, 13.54833, 
47.58790, 13.54799, 
47.58788, 13.54745, 
47.58782, 13.54713, 
47.58780, 13.54701, 
47.58768, 13.54595, 
47.58744, 13.54451, 
47.58728, 13.54323, 
47.58713, 13.54243, 
47.58702, 13.54197, 
47.58694, 13.54163, 
47.58691, 13.54136, 
47.58690, 13.54106, 
47.58692, 13.54050, 
47.58691, 13.54032, 
47.58691, 13.54021, 
47.58691, 13.54016, 
47.58671, 13.53854, 
47.58669, 13.53840, 
47.58655, 13.53791, 
47.58628, 13.53737, 
47.58608, 13.53707, 
47.58586, 13.53666, 
47.58566, 13.53596, 
47.58566, 13.53595, 
47.58563, 13.53585, 
47.58545, 13.53543, 
47.58524, 13.53502, 
47.58503, 13.53477, 
47.58485, 13.53462, 
47.58424, 13.53415, 
47.58419, 13.53411, 
47.58417, 13.53410, 
47.58410, 13.53406, 
47.58356, 13.53380, 
47.58353, 13.53376, 
47.58349, 13.53364, 
47.58348, 13.53353, 
47.58348, 13.53333, 
47.58354, 13.53275, 
47.58356, 13.53260, 
47.58368, 13.53212, 
47.58384, 13.53171, 
47.58400, 13.53138, 
47.58422, 13.53105, 
47.58444, 13.53081, 
47.58467, 13.53060, 
47.58498, 13.53042, 
47.58538, 13.53024, 
47.58551, 13.53016, 
47.58559, 13.53007, 
47.58570, 13.52995, 
47.58582, 13.52974, 
47.58590, 13.52945, 
47.58595, 13.52918, 
47.58596, 13.52904, 
47.58592, 13.52869, 
47.58578, 13.52815, 
47.58576, 13.52793, 
47.58580, 13.52697, 
47.58581, 13.52626, 
47.58585, 13.52588, 
47.58588, 13.52570, 
47.58594, 13.52548, 
47.58655, 13.52378, 
47.58671, 13.52327, 
47.58685, 13.52273, 
47.58692, 13.52223, 
47.58696, 13.52184, 
47.58703, 13.51918, 
47.58706, 13.51858, 
47.58709, 13.51827, 
47.58717, 13.51771, 
47.58737, 13.51682, 
47.58738, 13.51678, 
47.58784, 13.51498, 
47.58797, 13.51435, 
47.58816, 13.51335, 
47.58830, 13.51252, 
47.58837, 13.51219, 
47.58851, 13.51165, 
47.58869, 13.51120, 
47.58893, 13.51076, 
47.58906, 13.51058, 
47.58922, 13.51038, 
47.58957, 13.51008, 
47.58977, 13.50995, 
47.59007, 13.50981, 
47.59116, 13.50945, 
47.59142, 13.50935, 
47.59154, 13.50927, 
47.59177, 13.50905, 
47.59185, 13.50891, 
47.59192, 13.50877, 
47.59197, 13.50863, 
47.59204, 13.50834, 
47.59206, 13.50799, 
47.59202, 13.50766, 
47.59194, 13.50740, 
47.59188, 13.50724, 
47.59159, 13.50665, 
47.59148, 13.50637, 
47.59142, 13.50611, 
47.59137, 13.50581, 
47.59138, 13.50548, 
47.59148, 13.50422, 
47.59150, 13.50355, 
47.59148, 13.50299, 
47.59139, 13.50225, 
47.59127, 13.50175, 
47.59116, 13.50139, 
47.59094, 13.50084, 
47.59062, 13.50011, 
47.59050, 13.49981, 
47.59035, 13.49933, 
47.59026, 13.49892, 
47.59018, 13.49845, 
47.59014, 13.49795, 
47.59013, 13.49746, 
47.59018, 13.49672, 
47.59028, 13.49619, 
47.59043, 13.49562, 
47.59065, 13.49502, 
47.59136, 13.49348, 
47.59178, 13.49249, 
47.59192, 13.49212, 
47.59212, 13.49144, 
47.59228, 13.49066, 
47.59237, 13.48993, 
47.59255, 13.48730, 
47.59287, 13.48466, 
47.59295, 13.48376, 
47.59300, 13.48281, 
47.59301, 13.48225, 
47.59300, 13.48123, 
47.59296, 13.48041, 
47.59285, 13.47920, 
47.59273, 13.47826, 
47.59250, 13.47685, 
47.59242, 13.47611, 
47.59242, 13.47561, 
47.59246, 13.47515, 
47.59264, 13.47387, 
47.59269, 13.47333, 
47.59270, 13.47259, 
47.59264, 13.47199, 
47.59257, 13.47156, 
47.59245, 13.47107, 
47.59232, 13.47065, 
47.59202, 13.46997, 
47.59107, 13.46802, 
47.59072, 13.46728, 
47.59044, 13.46657, 
47.59016, 13.46576, 
47.59002, 13.46528, 
47.58977, 13.46392, 
47.58955, 13.46243, 
47.58947, 13.46196, 
47.58941, 13.46169, 
47.58936, 13.46150, 
